[{"model": "admin.logentry", "pk": 1, "fields": {"action_time": "2024-03-27T16:25:44.829Z", "user": 1, "content_type": 7, "object_id": "1", "object_repr": "rela1409@gmail.com", "action_flag": 1, "change_message": "[{\"added\": {}}]"}}, {"model": "admin.logentry", "pk": 2, "fields": {"action_time": "2024-03-27T16:32:57.338Z", "user": 1, "content_type": 7, "object_id": "1", "object_repr": "rela1409@gmail.com", "action_flag": 2, "change_message": "[{\"changed\": {\"fields\": [\"Slika profila\", \"Naslovna slika\", \"Adresa 1\", \"Adresa 2\"]}}]"}}, {"model": "admin.logentry", "pk": 3, "fields": {"action_time": "2024-03-27T16:40:59.125Z", "user": 1, "content_type": 7, "object_id": "1", "object_repr": "rela1409@gmail.com", "action_flag": 2, "change_message": "[{\"changed\": {\"fields\": [\"Slika profila\", \"Naslovna slika\"]}}]"}}, {"model": "admin.logentry", "pk": 4, "fields": {"action_time": "2024-03-27T18:00:39.094Z", "user": 1, "content_type": 6, "object_id": "2", "object_repr": "", "action_flag": 1, "change_message": "[{\"added\": {}}]"}}, {"model": "admin.logentry", "pk": 5, "fields": {"action_time": "2024-03-27T18:01:06.525Z", "user": 1, "content_type": 6, "object_id": "2", "object_repr": "", "action_flag": 3, "change_message": ""}}, {"model": "admin.logentry", "pk": 6, "fields": {"action_time": "2024-03-27T18:01:22.786Z", "user": 1, "content_type": 6, "object_id": "3", "object_repr": "", "action_flag": 1, "change_message": "[{\"added\": {}}]"}}, {"model": "admin.logentry", "pk": 7, "fields": {"action_time": "2024-03-27T18:01:42.344Z", "user": 1, "content_type": 6, "object_id": "3", "object_repr": "test@gmail.com", "action_flag": 2, "change_message": "[{\"changed\": {\"fields\": [\"First name\", \"Last name\", \"Email\"]}}]"}}, {"model": "admin.logentry", "pk": 8, "fields": {"action_time": "2024-03-27T18:01:55.720Z", "user": 1, "content_type": 6, "object_id": "3", "object_repr": "test@gmail.com", "action_flag": 2, "change_message": "[{\"changed\": {\"fields\": [\"Phone number\"]}}]"}}, {"model": "admin.logentry", "pk": 9, "fields": {"action_time": "2024-03-27T18:22:33.525Z", "user": 1, "content_type": 6, "object_id": "3", "object_repr": "test@gmail.com", "action_flag": 2, "change_message": "[{\"changed\": {\"fields\": [\"Phone number\"]}}]"}}, {"model": "admin.logentry", "pk": 10, "fields": {"action_time": "2024-03-27T18:24:02.017Z", "user": 1, "content_type": 6, "object_id": "3", "object_repr": "test@gmail.com", "action_flag": 2, "change_message": "[{\"changed\": {\"fields\": [\"Phone number\"]}}]"}}, {"model": "admin.logentry", "pk": 11, "fields": {"action_time": "2024-03-27T18:25:53.166Z", "user": 1, "content_type": 6, "object_id": "4", "object_repr": "", "action_flag": 1, "change_message": "[{\"added\": {}}]"}}, {"model": "admin.logentry", "pk": 12, "fields": {"action_time": "2024-03-27T18:28:09.651Z", "user": 1, "content_type": 6, "object_id": "4", "object_repr": "", "action_flag": 3, "change_message": ""}}, {"model": "admin.logentry", "pk": 13, "fields": {"action_time": "2024-04-22T19:00:39.201Z", "user": 1, "content_type": 6, "object_id": "7", "object_repr": "2josip.relic@gmail.com", "action_flag": 2, "change_message": "[{\"changed\": {\"fields\": [\"Is active\"]}}]"}}, {"model": "admin.logentry", "pk": 14, "fields": {"action_time": "2024-04-22T19:01:32.129Z", "user": 1, "content_type": 6, "object_id": "6", "object_repr": "ivan@gmail.com", "action_flag": 3, "change_message": ""}}, {"model": "admin.logentry", "pk": 15, "fields": {"action_time": "2024-04-22T19:01:32.133Z", "user": 1, "content_type": 6, "object_id": "5", "object_repr": "netko_tamo@gmail.com", "action_flag": 3, "change_message": ""}}, {"model": "admin.logentry", "pk": 16, "fields": {"action_time": "2024-04-22T19:01:32.134Z", "user": 1, "content_type": 6, "object_id": "3", "object_repr": "test@gmail.com", "action_flag": 3, "change_message": ""}}, {"model": "admin.logentry", "pk": 17, "fields": {"action_time": "2024-04-22T19:01:47.756Z", "user": 1, "content_type": 6, "object_id": "7", "object_repr": "2josip.relic@gmail.com", "action_flag": 2, "change_message": "[]"}}, {"model": "admin.logentry", "pk": 18, "fields": {"action_time": "2024-04-22T20:08:13.187Z", "user": 1, "content_type": 6, "object_id": "8", "object_repr": "pero@gmail.com", "action_flag": 2, "change_message": "[{\"changed\": {\"fields\": [\"Is active\"]}}]"}}, {"model": "admin.logentry", "pk": 19, "fields": {"action_time": "2024-04-25T19:31:14.934Z", "user": 1, "content_type": 6, "object_id": "9", "object_repr": "jrelic@student.unipu.hr", "action_flag": 3, "change_message": ""}}, {"model": "admin.logentry", "pk": 20, "fields": {"action_time": "2024-04-25T19:36:11.092Z", "user": 1, "content_type": 6, "object_id": "10", "object_repr": "jrelic@student.unipu.hr", "action_flag": 3, "change_message": ""}}, {"model": "admin.logentry", "pk": 21, "fields": {"action_time": "2024-04-25T19:38:46.523Z", "user": 1, "content_type": 6, "object_id": "11", "object_repr": "jrelic@student.unipu.hr", "action_flag": 3, "change_message": ""}}, {"model": "admin.logentry", "pk": 22, "fields": {"action_time": "2024-04-25T19:41:15.445Z", "user": 1, "content_type": 6, "object_id": "12", "object_repr": "jrelic@student.unipu.hr", "action_flag": 3, "change_message": ""}}, {"model": "admin.logentry", "pk": 23, "fields": {"action_time": "2024-04-25T19:46:40.349Z", "user": 1, "content_type": 6, "object_id": "13", "object_repr": "jrelic@student.unipu.hr", "action_flag": 3, "change_message": ""}}, {"model": "admin.logentry", "pk": 24, "fields": {"action_time": "2024-04-25T19:52:33.812Z", "user": 1, "content_type": 6, "object_id": "14", "object_repr": "jrelic@student.unipu.hr", "action_flag": 3, "change_message": ""}}, {"model": "admin.logentry", "pk": 25, "fields": {"action_time": "2024-04-25T19:56:31.617Z", "user": 1, "content_type": 6, "object_id": "15", "object_repr": "jrelic@student.unipu.hr", "action_flag": 3, "change_message": ""}}, {"model": "admin.logentry", "pk": 26, "fields": {"action_time": "2024-04-25T20:17:27.807Z", "user": 1, "content_type": 6, "object_id": "16", "object_repr": "jrelic@student.unipu.hr", "action_flag": 3, "change_message": ""}}, {"model": "admin.logentry", "pk": 27, "fields": {"action_time": "2024-05-04T12:23:11.285Z", "user": 1, "content_type": 6, "object_id": "18", "object_repr": "emailtestni0@gmail.com", "action_flag": 3, "change_message": ""}}, {"model": "admin.logentry", "pk": 28, "fields": {"action_time": "2024-05-04T12:29:30.498Z", "user": 1, "content_type": 6, "object_id": "19", "object_repr": "emailtestni0@gmail.com", "action_flag": 3, "change_message": ""}}, {"model": "admin.logentry", "pk": 29, "fields": {"action_time": "2024-05-04T12:42:23.161Z", "user": 1, "content_type": 6, "object_id": "20", "object_repr": "emailtestni0@gmail.com", "action_flag": 3, "change_message": ""}}, {"model": "admin.logentry", "pk": 30, "fields": {"action_time": "2024-05-04T12:50:27.521Z", "user": 1, "content_type": 6, "object_id": "21", "object_repr": "emailtestni0@gmail.com", "action_flag": 3, "change_message": ""}}, {"model": "admin.logentry", "pk": 31, "fields": {"action_time": "2024-05-04T12:52:36.416Z", "user": 1, "content_type": 6, "object_id": "22", "object_repr": "emailtestni0@gmail.com", "action_flag": 3, "change_message": ""}}, {"model": "admin.logentry", "pk": 32, "fields": {"action_time": "2024-05-04T12:53:51.283Z", "user": 1, "content_type": 6, "object_id": "23", "object_repr": "emailtestni0@gmail.com", "action_flag": 3, "change_message": ""}}, {"model": "admin.logentry", "pk": 33, "fields": {"action_time": "2024-05-04T12:58:18.441Z", "user": 1, "content_type": 6, "object_id": "24", "object_repr": "emailtestni0@gmail.com", "action_flag": 3, "change_message": ""}}, {"model": "admin.logentry", "pk": 34, "fields": {"action_time": "2024-05-04T13:11:17.288Z", "user": 1, "content_type": 6, "object_id": "25", "object_repr": "emailtestni0@gmail.com", "action_flag": 3, "change_message": ""}}, {"model": "admin.logentry", "pk": 35, "fields": {"action_time": "2024-05-04T13:19:53.243Z", "user": 1, "content_type": 6, "object_id": "26", "object_repr": "emailtestni0@gmail.com", "action_flag": 3, "change_message": ""}}, {"model": "admin.logentry", "pk": 36, "fields": {"action_time": "2024-05-04T13:32:37.015Z", "user": 1, "content_type": 6, "object_id": "27", "object_repr": "emailtestni0@gmail.com", "action_flag": 3, "change_message": ""}}, {"model": "admin.logentry", "pk": 37, "fields": {"action_time": "2024-05-04T13:35:01.534Z", "user": 1, "content_type": 6, "object_id": "28", "object_repr": "emailtestni0@gmail.com", "action_flag": 3, "change_message": ""}}, {"model": "admin.logentry", "pk": 38, "fields": {"action_time": "2024-05-04T13:36:53.878Z", "user": 1, "content_type": 6, "object_id": "29", "object_repr": "emailtestni0@gmail.com", "action_flag": 3, "change_message": ""}}, {"model": "admin.logentry", "pk": 39, "fields": {"action_time": "2024-05-04T13:37:57.882Z", "user": 1, "content_type": 6, "object_id": "30", "object_repr": "emailtestni0@gmail.com", "action_flag": 3, "change_message": ""}}, {"model": "admin.logentry", "pk": 40, "fields": {"action_time": "2024-05-04T13:39:28.636Z", "user": 1, "content_type": 6, "object_id": "31", "object_repr": "emailtestni0@gmail.com", "action_flag": 3, "change_message": ""}}, {"model": "admin.logentry", "pk": 41, "fields": {"action_time": "2024-05-04T13:40:39.813Z", "user": 1, "content_type": 6, "object_id": "32", "object_repr": "emailtestni0@gmail.com", "action_flag": 3, "change_message": ""}}, {"model": "admin.logentry", "pk": 42, "fields": {"action_time": "2024-05-04T14:15:56.416Z", "user": 1, "content_type": 6, "object_id": "33", "object_repr": "emailtestni0@gmail.com", "action_flag": 3, "change_message": ""}}, {"model": "admin.logentry", "pk": 43, "fields": {"action_time": "2024-05-04T14:19:39.283Z", "user": 1, "content_type": 6, "object_id": "34", "object_repr": "emailtestni0@gmail.com", "action_flag": 3, "change_message": ""}}, {"model": "admin.logentry", "pk": 44, "fields": {"action_time": "2024-05-04T14:23:11.823Z", "user": 1, "content_type": 6, "object_id": "35", "object_repr": "emailtestni0@gmail.com", "action_flag": 3, "change_message": ""}}, {"model": "admin.logentry", "pk": 45, "fields": {"action_time": "2024-05-04T14:28:35.113Z", "user": 1, "content_type": 6, "object_id": "36", "object_repr": "emailtestni0@gmail.com", "action_flag": 3, "change_message": ""}}, {"model": "admin.logentry", "pk": 46, "fields": {"action_time": "2024-05-04T14:37:23.252Z", "user": 1, "content_type": 6, "object_id": "37", "object_repr": "emailtestni0@gmail.com", "action_flag": 3, "change_message": ""}}, {"model": "admin.logentry", "pk": 47, "fields": {"action_time": "2024-05-04T14:40:49.966Z", "user": 1, "content_type": 6, "object_id": "38", "object_repr": "emailtestni0@gmail.com", "action_flag": 3, "change_message": ""}}, {"model": "admin.logentry", "pk": 48, "fields": {"action_time": "2024-05-04T15:09:10.770Z", "user": 1, "content_type": 6, "object_id": "39", "object_repr": "emailtestni0@gmail.com", "action_flag": 3, "change_message": ""}}, {"model": "admin.logentry", "pk": 49, "fields": {"action_time": "2024-05-04T15:11:53.951Z", "user": 1, "content_type": 6, "object_id": "40", "object_repr": "emailtestni0@gmail.com", "action_flag": 3, "change_message": ""}}, {"model": "admin.logentry", "pk": 50, "fields": {"action_time": "2024-05-04T15:17:06.855Z", "user": 1, "content_type": 6, "object_id": "41", "object_repr": "emailtestni0@gmail.com", "action_flag": 3, "change_message": ""}}, {"model": "admin.logentry", "pk": 51, "fields": {"action_time": "2024-05-04T16:07:20.499Z", "user": 1, "content_type": 6, "object_id": "42", "object_repr": "emailtestni0@gmail.com", "action_flag": 3, "change_message": ""}}, {"model": "admin.logentry", "pk": 52, "fields": {"action_time": "2024-05-04T16:15:21.667Z", "user": 1, "content_type": 6, "object_id": "43", "object_repr": "emailtestni0@gmail.com", "action_flag": 3, "change_message": ""}}, {"model": "admin.logentry", "pk": 53, "fields": {"action_time": "2024-05-04T16:18:54.363Z", "user": 1, "content_type": 6, "object_id": "44", "object_repr": "emailtestni0@gmail.com", "action_flag": 3, "change_message": ""}}, {"model": "admin.logentry", "pk": 54, "fields": {"action_time": "2024-05-06T17:52:56.436Z", "user": 1, "content_type": 6, "object_id": "45", "object_repr": "emailtestni0@gmail.com", "action_flag": 3, "change_message": ""}}, {"model": "admin.logentry", "pk": 55, "fields": {"action_time": "2024-05-06T18:08:25.112Z", "user": 1, "content_type": 6, "object_id": "17", "object_repr": "jrelic@student.unipu.hr", "action_flag": 3, "change_message": ""}}, {"model": "admin.logentry", "pk": 56, "fields": {"action_time": "2024-05-06T18:09:06.672Z", "user": 1, "content_type": 6, "object_id": "46", "object_repr": "emailtestni0@gmail.com", "action_flag": 3, "change_message": ""}}, {"model": "admin.logentry", "pk": 57, "fields": {"action_time": "2024-05-06T18:12:06.001Z", "user": 1, "content_type": 6, "object_id": "8", "object_repr": "pero@gmail.com", "action_flag": 3, "change_message": ""}}, {"model": "admin.logentry", "pk": 58, "fields": {"action_time": "2024-05-06T18:12:13.676Z", "user": 1, "content_type": 6, "object_id": "7", "object_repr": "2josip.relic@gmail.com", "action_flag": 3, "change_message": ""}}, {"model": "admin.logentry", "pk": 59, "fields": {"action_time": "2024-05-14T19:18:23.988Z", "user": 1, "content_type": 8, "object_id": "3", "object_repr": "TESTOPG", "action_flag": 2, "change_message": "[{\"changed\": {\"fields\": [\"Opg verificiran\"]}}]"}}, {"model": "admin.logentry", "pk": 60, "fields": {"action_time": "2024-05-14T19:18:44.984Z", "user": 1, "content_type": 8, "object_id": "3", "object_repr": "TESTOPG", "action_flag": 2, "change_message": "[{\"changed\": {\"fields\": [\"Opg verificiran\"]}}]"}}, {"model": "admin.logentry", "pk": 61, "fields": {"action_time": "2024-05-14T19:20:33.402Z", "user": 1, "content_type": 8, "object_id": "3", "object_repr": "TESTOPG", "action_flag": 2, "change_message": "[{\"changed\": {\"fields\": [\"Opg verificiran\"]}}]"}}, {"model": "admin.logentry", "pk": 62, "fields": {"action_time": "2024-05-14T19:21:48.999Z", "user": 1, "content_type": 8, "object_id": "3", "object_repr": "TESTOPG", "action_flag": 2, "change_message": "[{\"changed\": {\"fields\": [\"Opg verificiran\"]}}]"}}, {"model": "admin.logentry", "pk": 63, "fields": {"action_time": "2024-05-14T19:22:27.173Z", "user": 1, "content_type": 8, "object_id": "3", "object_repr": "TESTOPG", "action_flag": 2, "change_message": "[{\"changed\": {\"fields\": [\"Opg verificiran\"]}}]"}}, {"model": "admin.logentry", "pk": 64, "fields": {"action_time": "2024-05-14T19:26:34.203Z", "user": 1, "content_type": 8, "object_id": "3", "object_repr": "TESTOPG", "action_flag": 2, "change_message": "[{\"changed\": {\"fields\": [\"Opg verificiran\"]}}]"}}, {"model": "admin.logentry", "pk": 65, "fields": {"action_time": "2024-05-14T19:26:46.970Z", "user": 1, "content_type": 8, "object_id": "3", "object_repr": "TESTOPG", "action_flag": 2, "change_message": "[{\"changed\": {\"fields\": [\"Opg verificiran\"]}}]"}}, {"model": "admin.logentry", "pk": 66, "fields": {"action_time": "2024-05-23T20:00:12.338Z", "user": 1, "content_type": 7, "object_id": "47", "object_repr": "emailtestni0@gmail.com", "action_flag": 2, "change_message": "[{\"changed\": {\"fields\": [\"Slika profila\", \"Naslovna slika\", \"Adresa 1\", \"Adresa 2\", \"Drzava\", \"Zupanija\", \"Grad\", \"Postanski broj\"]}}]"}}, {"model": "admin.logentry", "pk": 67, "fields": {"action_time": "2024-05-23T20:23:09.390Z", "user": 1, "content_type": 7, "object_id": "47", "object_repr": "emailtestni0@gmail.com", "action_flag": 2, "change_message": "[{\"changed\": {\"fields\": [\"Slika profila\", \"Naslovna slika\"]}}]"}}, {"model": "admin.logentry", "pk": 68, "fields": {"action_time": "2024-05-24T21:12:54.393Z", "user": 1, "content_type": 8, "object_id": "3", "object_repr": "TESTOPG", "action_flag": 2, "change_message": "[{\"changed\": {\"fields\": [\"Potvrda opga\"]}}]"}}, {"model": "admin.logentry", "pk": 69, "fields": {"action_time": "2024-05-25T14:44:19.778Z", "user": 1, "content_type": 7, "object_id": "47", "object_repr": "emailtestni0@gmail.com", "action_flag": 2, "change_message": "[{\"changed\": {\"fields\": [\"Adresa\"]}}]"}}, {"model": "admin.logentry", "pk": 70, "fields": {"action_time": "2024-05-27T19:37:31.134Z", "user": 1, "content_type": 9, "object_id": "1", "object_repr": "Voće", "action_flag": 1, "change_message": "[{\"added\": {}}]"}}, {"model": "admin.logentry", "pk": 71, "fields": {"action_time": "2024-05-27T19:38:08.550Z", "user": 1, "content_type": 9, "object_id": "2", "object_repr": "Povrće", "action_flag": 1, "change_message": "[{\"added\": {}}]"}}, {"model": "admin.logentry", "pk": 72, "fields": {"action_time": "2024-05-27T19:39:55.164Z", "user": 1, "content_type": 9, "object_id": "3", "object_repr": "Pekmezi", "action_flag": 1, "change_message": "[{\"added\": {}}]"}}, {"model": "admin.logentry", "pk": 73, "fields": {"action_time": "2024-05-27T19:41:21.482Z", "user": 1, "content_type": 9, "object_id": "4", "object_repr": "Alkoholna pića", "action_flag": 1, "change_message": "[{\"added\": {}}]"}}, {"model": "admin.logentry", "pk": 74, "fields": {"action_time": "2024-05-27T20:08:01.974Z", "user": 1, "content_type": 10, "object_id": "1", "object_repr": "Trešnje", "action_flag": 1, "change_message": "[{\"added\": {}}]"}}, {"model": "admin.logentry", "pk": 75, "fields": {"action_time": "2024-05-27T20:09:40.141Z", "user": 1, "content_type": 10, "object_id": "2", "object_repr": "Krumpiri", "action_flag": 1, "change_message": "[{\"added\": {}}]"}}, {"model": "admin.logentry", "pk": 76, "fields": {"action_time": "2024-05-27T20:10:33.412Z", "user": 1, "content_type": 10, "object_id": "3", "object_repr": "Pekmez od Jagode", "action_flag": 1, "change_message": "[{\"added\": {}}]"}}, {"model": "admin.logentry", "pk": 77, "fields": {"action_time": "2024-05-27T20:11:38.406Z", "user": 1, "content_type": 10, "object_id": "4", "object_repr": "Višnjevac", "action_flag": 1, "change_message": "[{\"added\": {}}]"}}, {"model": "admin.logentry", "pk": 78, "fields": {"action_time": "2024-05-27T20:11:51.371Z", "user": 1, "content_type": 10, "object_id": "4", "object_repr": "Višnjevac", "action_flag": 2, "change_message": "[{\"changed\": {\"fields\": [\"Proizvod dostupan\"]}}]"}}, {"model": "admin.logentry", "pk": 79, "fields": {"action_time": "2024-05-27T20:13:14.956Z", "user": 1, "content_type": 10, "object_id": "5", "object_repr": "Domaća Šljivovica", "action_flag": 1, "change_message": "[{\"added\": {}}]"}}, {"model": "admin.logentry", "pk": 80, "fields": {"action_time": "2024-05-27T20:14:44.883Z", "user": 1, "content_type": 10, "object_id": "6", "object_repr": "Neretvanske mandarine", "action_flag": 1, "change_message": "[{\"added\": {}}]"}}, {"model": "admin.logentry", "pk": 81, "fields": {"action_time": "2024-05-27T20:16:58.435Z", "user": 1, "content_type": 10, "object_id": "7", "object_repr": "Rajčice", "action_flag": 1, "change_message": "[{\"added\": {}}]"}}, {"model": "admin.logentry", "pk": 82, "fields": {"action_time": "2024-05-29T22:11:03.630Z", "user": 1, "content_type": 9, "object_id": "5", "object_repr": "Orašasti plodovi", "action_flag": 1, "change_message": "[{\"added\": {}}]"}}, {"model": "admin.logentry", "pk": 83, "fields": {"action_time": "2024-05-30T14:29:23.383Z", "user": 1, "content_type": 9, "object_id": "8", "object_repr": "Pek", "action_flag": 3, "change_message": ""}}, {"model": "admin.logentry", "pk": 84, "fields": {"action_time": "2024-05-30T14:32:41.931Z", "user": 1, "content_type": 9, "object_id": "9", "object_repr": "pekmezi", "action_flag": 3, "change_message": ""}}, {"model": "admin.logentry", "pk": 85, "fields": {"action_time": "2024-05-30T20:07:58.125Z", "user": 1, "content_type": 8, "object_id": "4", "object_repr": "OPG_NOVI", "action_flag": 2, "change_message": "[{\"changed\": {\"fields\": [\"Opg verificiran\"]}}]"}}, {"model": "admin.logentry", "pk": 86, "fields": {"action_time": "2024-05-30T20:12:52.065Z", "user": 1, "content_type": 7, "object_id": "49", "object_repr": "opgdistribucija@gmail.com", "action_flag": 2, "change_message": "[{\"changed\": {\"fields\": [\"Naslovna slika\"]}}]"}}, {"model": "admin.logentry", "pk": 87, "fields": {"action_time": "2024-05-30T20:14:19.483Z", "user": 1, "content_type": 7, "object_id": "49", "object_repr": "opgdistribucija@gmail.com", "action_flag": 2, "change_message": "[{\"changed\": {\"fields\": [\"Naslovna slika\"]}}]"}}, {"model": "admin.logentry", "pk": 88, "fields": {"action_time": "2024-05-31T16:32:15.850Z", "user": 1, "content_type": 8, "object_id": "4", "object_repr": "OPG_NOVI", "action_flag": 2, "change_message": "[{\"changed\": {\"fields\": [\"Opg slug\"]}}]"}}, {"model": "admin.logentry", "pk": 89, "fields": {"action_time": "2024-05-31T16:32:45.859Z", "user": 1, "content_type": 8, "object_id": "3", "object_repr": "TESTOPG novi", "action_flag": 2, "change_message": "[{\"changed\": {\"fields\": [\"Opg slug\"]}}]"}}, {"model": "admin.logentry", "pk": 90, "fields": {"action_time": "2024-05-31T16:45:10.431Z", "user": 1, "content_type": 8, "object_id": "5", "object_repr": "slug test", "action_flag": 3, "change_message": ""}}, {"model": "admin.logentry", "pk": 91, "fields": {"action_time": "2024-05-31T16:46:19.320Z", "user": 1, "content_type": 6, "object_id": "50", "object_repr": "netko_tamo@gmailneki.com", "action_flag": 3, "change_message": ""}}, {"model": "admin.logentry", "pk": 92, "fields": {"action_time": "2024-05-31T16:48:49.314Z", "user": 1, "content_type": 8, "object_id": "6", "object_repr": "OPG_NOVI", "action_flag": 3, "change_message": ""}}, {"model": "admin.logentry", "pk": 93, "fields": {"action_time": "2024-05-31T16:48:55.633Z", "user": 1, "content_type": 7, "object_id": "51", "object_repr": "netko_tamo@nekigmail.com", "action_flag": 3, "change_message": ""}}, {"model": "admin.logentry", "pk": 94, "fields": {"action_time": "2024-08-03T22:21:07.535Z", "user": 1, "content_type": 11, "object_id": "5", "object_repr": "Kosarica object (5)", "action_flag": 3, "change_message": ""}}, {"model": "admin.logentry", "pk": 95, "fields": {"action_time": "2024-08-03T22:21:07.539Z", "user": 1, "content_type": 11, "object_id": "4", "object_repr": "Kosarica object (4)", "action_flag": 3, "change_message": ""}}, {"model": "admin.logentry", "pk": 96, "fields": {"action_time": "2024-08-03T22:21:07.539Z", "user": 1, "content_type": 11, "object_id": "3", "object_repr": "Kosarica object (3)", "action_flag": 3, "change_message": ""}}, {"model": "admin.logentry", "pk": 97, "fields": {"action_time": "2024-08-03T22:21:07.540Z", "user": 1, "content_type": 11, "object_id": "2", "object_repr": "Kosarica object (2)", "action_flag": 3, "change_message": ""}}, {"model": "admin.logentry", "pk": 98, "fields": {"action_time": "2024-08-03T22:21:07.540Z", "user": 1, "content_type": 11, "object_id": "1", "object_repr": "Kosarica object (1)", "action_flag": 3, "change_message": ""}}, {"model": "admin.logentry", "pk": 99, "fields": {"action_time": "2024-08-04T12:02:53.825Z", "user": 1, "content_type": 6, "object_id": "49", "object_repr": "opgdistribucija@gmail.com", "action_flag": 3, "change_message": ""}}, {"model": "admin.logentry", "pk": 100, "fields": {"action_time": "2024-08-05T20:07:13.399Z", "user": 1, "content_type": 6, "object_id": "51", "object_repr": "netko_tamo@nekigmail.com", "action_flag": 3, "change_message": ""}}, {"model": "admin.logentry", "pk": 101, "fields": {"action_time": "2024-08-05T20:11:32.008Z", "user": 1, "content_type": 6, "object_id": "52", "object_repr": "test@opg.com", "action_flag": 2, "change_message": "[{\"changed\": {\"fields\": [\"Is active\"]}}]"}}, {"model": "admin.logentry", "pk": 102, "fields": {"action_time": "2024-08-05T20:20:35.775Z", "user": 1, "content_type": 8, "object_id": "7", "object_repr": "opg_test", "action_flag": 2, "change_message": "[{\"changed\": {\"fields\": [\"Opg verificiran\"]}}]"}}, {"model": "admin.logentry", "pk": 103, "fields": {"action_time": "2024-08-06T19:02:10.252Z", "user": 1, "content_type": 7, "object_id": "52", "object_repr": "test@opg.com", "action_flag": 2, "change_message": "[]"}}, {"model": "admin.logentry", "pk": 104, "fields": {"action_time": "2024-08-06T19:03:36.838Z", "user": 1, "content_type": 7, "object_id": "47", "object_repr": "emailtestni0@gmail.com", "action_flag": 2, "change_message": "[]"}}, {"model": "admin.logentry", "pk": 105, "fields": {"action_time": "2024-08-06T19:06:07.506Z", "user": 1, "content_type": 6, "object_id": "53", "object_repr": "markovic@gmail.com", "action_flag": 2, "change_message": "[{\"changed\": {\"fields\": [\"Is active\"]}}]"}}, {"model": "admin.logentry", "pk": 106, "fields": {"action_time": "2024-08-06T19:06:14.562Z", "user": 1, "content_type": 8, "object_id": "8", "object_repr": "OPG Marković", "action_flag": 2, "change_message": "[{\"changed\": {\"fields\": [\"Opg verificiran\"]}}]"}}, {"model": "admin.logentry", "pk": 107, "fields": {"action_time": "2024-08-10T16:50:14.310Z", "user": 1, "content_type": 12, "object_id": "1", "object_repr": "PDV", "action_flag": 1, "change_message": "[{\"added\": {}}]"}}, {"model": "admin.logentry", "pk": 108, "fields": {"action_time": "2024-08-10T20:41:23.412Z", "user": 1, "content_type": 7, "object_id": "48", "object_repr": "2josip.relic@gmail.com", "action_flag": 2, "change_message": "[{\"changed\": {\"fields\": [\"Slika profila\", \"Naslovna slika\", \"Adresa\", \"Drzava\", \"Zupanija\", \"Grad\", \"Postanski broj\"]}}]"}}, {"model": "admin.logentry", "pk": 109, "fields": {"action_time": "2024-08-10T20:43:41.694Z", "user": 1, "content_type": 6, "object_id": "48", "object_repr": "2josip.relic@gmail.com", "action_flag": 2, "change_message": "[{\"changed\": {\"fields\": [\"Phone number\"]}}]"}}, {"model": "admin.logentry", "pk": 110, "fields": {"action_time": "2024-08-11T17:14:32.343Z", "user": 1, "content_type": 7, "object_id": "48", "object_repr": "2josip.relic@gmail.com", "action_flag": 2, "change_message": "[{\"changed\": {\"fields\": [\"Naslovna slika\"]}}]"}}, {"model": "admin.logentry", "pk": 111, "fields": {"action_time": "2024-08-11T17:16:01.878Z", "user": 1, "content_type": 7, "object_id": "48", "object_repr": "2josip.relic@gmail.com", "action_flag": 2, "change_message": "[{\"changed\": {\"fields\": [\"Slika profila\"]}}]"}}, {"model": "admin.logentry", "pk": 112, "fields": {"action_time": "2024-09-09T15:43:26.869Z", "user": 1, "content_type": 14, "object_id": "3", "object_repr": "13082423173", "action_flag": 3, "change_message": ""}}, {"model": "admin.logentry", "pk": 113, "fields": {"action_time": "2024-09-09T15:43:31.648Z", "user": 1, "content_type": 14, "object_id": "2", "object_repr": "1308242313None", "action_flag": 3, "change_message": ""}}, {"model": "admin.logentry", "pk": 114, "fields": {"action_time": "2024-09-09T15:43:36.163Z", "user": 1, "content_type": 14, "object_id": "1", "object_repr": "1234", "action_flag": 3, "change_message": ""}}, {"model": "admin.logentry", "pk": 115, "fields": {"action_time": "2024-09-09T19:24:24.300Z", "user": 1, "content_type": 14, "object_id": "72", "object_repr": "090924104472", "action_flag": 3, "change_message": ""}}, {"model": "admin.logentry", "pk": 116, "fields": {"action_time": "2024-09-09T19:24:24.305Z", "user": 1, "content_type": 14, "object_id": "71", "object_repr": "080924150171", "action_flag": 3, "change_message": ""}}, {"model": "admin.logentry", "pk": 117, "fields": {"action_time": "2024-09-09T19:24:24.307Z", "user": 1, "content_type": 14, "object_id": "70", "object_repr": "080924145870", "action_flag": 3, "change_message": ""}}, {"model": "admin.logentry", "pk": 118, "fields": {"action_time": "2024-09-09T19:24:24.308Z", "user": 1, "content_type": 14, "object_id": "69", "object_repr": "080924145569", "action_flag": 3, "change_message": ""}}, {"model": "admin.logentry", "pk": 119, "fields": {"action_time": "2024-09-09T19:24:24.308Z", "user": 1, "content_type": 14, "object_id": "68", "object_repr": "080924145568", "action_flag": 3, "change_message": ""}}, {"model": "admin.logentry", "pk": 120, "fields": {"action_time": "2024-09-09T19:24:24.309Z", "user": 1, "content_type": 14, "object_id": "67", "object_repr": "080924144867", "action_flag": 3, "change_message": ""}}, {"model": "admin.logentry", "pk": 121, "fields": {"action_time": "2024-09-09T19:24:24.309Z", "user": 1, "content_type": 14, "object_id": "66", "object_repr": "080924143766", "action_flag": 3, "change_message": ""}}, {"model": "admin.logentry", "pk": 122, "fields": {"action_time": "2024-09-09T19:24:24.309Z", "user": 1, "content_type": 14, "object_id": "65", "object_repr": "080924143365", "action_flag": 3, "change_message": ""}}, {"model": "admin.logentry", "pk": 123, "fields": {"action_time": "2024-09-09T19:24:24.310Z", "user": 1, "content_type": 14, "object_id": "64", "object_repr": "080924143164", "action_flag": 3, "change_message": ""}}, {"model": "admin.logentry", "pk": 124, "fields": {"action_time": "2024-09-09T19:24:24.310Z", "user": 1, "content_type": 14, "object_id": "63", "object_repr": "080924143163", "action_flag": 3, "change_message": ""}}, {"model": "admin.logentry", "pk": 125, "fields": {"action_time": "2024-09-09T19:24:24.310Z", "user": 1, "content_type": 14, "object_id": "62", "object_repr": "080924143062", "action_flag": 3, "change_message": ""}}, {"model": "admin.logentry", "pk": 126, "fields": {"action_time": "2024-09-09T19:24:24.311Z", "user": 1, "content_type": 14, "object_id": "61", "object_repr": "080924124961", "action_flag": 3, "change_message": ""}}, {"model": "admin.logentry", "pk": 127, "fields": {"action_time": "2024-09-09T19:24:24.311Z", "user": 1, "content_type": 14, "object_id": "60", "object_repr": "080924123860", "action_flag": 3, "change_message": ""}}, {"model": "admin.logentry", "pk": 128, "fields": {"action_time": "2024-09-09T19:24:24.311Z", "user": 1, "content_type": 14, "object_id": "59", "object_repr": "080924121659", "action_flag": 3, "change_message": ""}}, {"model": "admin.logentry", "pk": 129, "fields": {"action_time": "2024-09-09T19:24:24.313Z", "user": 1, "content_type": 14, "object_id": "58", "object_repr": "080924121558", "action_flag": 3, "change_message": ""}}, {"model": "admin.logentry", "pk": 130, "fields": {"action_time": "2024-09-09T19:24:24.313Z", "user": 1, "content_type": 14, "object_id": "57", "object_repr": "080924121457", "action_flag": 3, "change_message": ""}}, {"model": "admin.logentry", "pk": 131, "fields": {"action_time": "2024-09-09T19:24:24.314Z", "user": 1, "content_type": 14, "object_id": "56", "object_repr": "080924121056", "action_flag": 3, "change_message": ""}}, {"model": "admin.logentry", "pk": 132, "fields": {"action_time": "2024-09-09T19:24:24.314Z", "user": 1, "content_type": 14, "object_id": "55", "object_repr": "080924120555", "action_flag": 3, "change_message": ""}}, {"model": "admin.logentry", "pk": 133, "fields": {"action_time": "2024-09-09T19:24:24.315Z", "user": 1, "content_type": 14, "object_id": "54", "object_repr": "080924120354", "action_flag": 3, "change_message": ""}}, {"model": "admin.logentry", "pk": 134, "fields": {"action_time": "2024-09-09T19:24:24.316Z", "user": 1, "content_type": 14, "object_id": "53", "object_repr": "080924115153", "action_flag": 3, "change_message": ""}}, {"model": "admin.logentry", "pk": 135, "fields": {"action_time": "2024-09-09T19:24:24.317Z", "user": 1, "content_type": 14, "object_id": "52", "object_repr": "080924114852", "action_flag": 3, "change_message": ""}}, {"model": "admin.logentry", "pk": 136, "fields": {"action_time": "2024-09-09T19:24:24.317Z", "user": 1, "content_type": 14, "object_id": "51", "object_repr": "080924114751", "action_flag": 3, "change_message": ""}}, {"model": "admin.logentry", "pk": 137, "fields": {"action_time": "2024-09-09T19:24:24.318Z", "user": 1, "content_type": 14, "object_id": "50", "object_repr": "080924105650", "action_flag": 3, "change_message": ""}}, {"model": "admin.logentry", "pk": 138, "fields": {"action_time": "2024-09-09T19:24:24.318Z", "user": 1, "content_type": 14, "object_id": "49", "object_repr": "080924004149", "action_flag": 3, "change_message": ""}}, {"model": "admin.logentry", "pk": 139, "fields": {"action_time": "2024-09-09T19:24:24.319Z", "user": 1, "content_type": 14, "object_id": "48", "object_repr": "080924003948", "action_flag": 3, "change_message": ""}}, {"model": "admin.logentry", "pk": 140, "fields": {"action_time": "2024-09-09T19:24:24.319Z", "user": 1, "content_type": 14, "object_id": "47", "object_repr": "080924003747", "action_flag": 3, "change_message": ""}}, {"model": "admin.logentry", "pk": 141, "fields": {"action_time": "2024-09-09T19:24:24.319Z", "user": 1, "content_type": 14, "object_id": "46", "object_repr": "080924000946", "action_flag": 3, "change_message": ""}}, {"model": "admin.logentry", "pk": 142, "fields": {"action_time": "2024-09-09T19:24:24.320Z", "user": 1, "content_type": 14, "object_id": "45", "object_repr": "080924000945", "action_flag": 3, "change_message": ""}}, {"model": "admin.logentry", "pk": 143, "fields": {"action_time": "2024-09-09T19:24:24.320Z", "user": 1, "content_type": 14, "object_id": "44", "object_repr": "070924232244", "action_flag": 3, "change_message": ""}}, {"model": "admin.logentry", "pk": 144, "fields": {"action_time": "2024-09-09T19:24:24.321Z", "user": 1, "content_type": 14, "object_id": "43", "object_repr": "070924231843", "action_flag": 3, "change_message": ""}}, {"model": "admin.logentry", "pk": 145, "fields": {"action_time": "2024-09-09T19:24:24.321Z", "user": 1, "content_type": 14, "object_id": "42", "object_repr": "070924231542", "action_flag": 3, "change_message": ""}}, {"model": "admin.logentry", "pk": 146, "fields": {"action_time": "2024-09-09T19:24:24.321Z", "user": 1, "content_type": 14, "object_id": "41", "object_repr": "070924231541", "action_flag": 3, "change_message": ""}}, {"model": "admin.logentry", "pk": 147, "fields": {"action_time": "2024-09-09T19:24:24.322Z", "user": 1, "content_type": 14, "object_id": "40", "object_repr": "070924231040", "action_flag": 3, "change_message": ""}}, {"model": "admin.logentry", "pk": 148, "fields": {"action_time": "2024-09-09T19:24:24.322Z", "user": 1, "content_type": 14, "object_id": "39", "object_repr": "070924230939", "action_flag": 3, "change_message": ""}}, {"model": "admin.logentry", "pk": 149, "fields": {"action_time": "2024-09-09T19:24:24.322Z", "user": 1, "content_type": 14, "object_id": "38", "object_repr": "070924230738", "action_flag": 3, "change_message": ""}}, {"model": "admin.logentry", "pk": 150, "fields": {"action_time": "2024-09-09T19:24:24.323Z", "user": 1, "content_type": 14, "object_id": "37", "object_repr": "070924230737", "action_flag": 3, "change_message": ""}}, {"model": "admin.logentry", "pk": 151, "fields": {"action_time": "2024-09-09T19:24:24.323Z", "user": 1, "content_type": 14, "object_id": "36", "object_repr": "070924230736", "action_flag": 3, "change_message": ""}}, {"model": "admin.logentry", "pk": 152, "fields": {"action_time": "2024-09-09T19:24:24.323Z", "user": 1, "content_type": 14, "object_id": "35", "object_repr": "070924230735", "action_flag": 3, "change_message": ""}}, {"model": "admin.logentry", "pk": 153, "fields": {"action_time": "2024-09-09T19:24:24.324Z", "user": 1, "content_type": 14, "object_id": "34", "object_repr": "070924230634", "action_flag": 3, "change_message": ""}}, {"model": "admin.logentry", "pk": 154, "fields": {"action_time": "2024-09-09T19:24:24.324Z", "user": 1, "content_type": 14, "object_id": "33", "object_repr": "070924230633", "action_flag": 3, "change_message": ""}}, {"model": "admin.logentry", "pk": 155, "fields": {"action_time": "2024-09-09T19:24:24.324Z", "user": 1, "content_type": 14, "object_id": "32", "object_repr": "070924230532", "action_flag": 3, "change_message": ""}}, {"model": "admin.logentry", "pk": 156, "fields": {"action_time": "2024-09-09T19:24:24.324Z", "user": 1, "content_type": 14, "object_id": "31", "object_repr": "070924230331", "action_flag": 3, "change_message": ""}}, {"model": "admin.logentry", "pk": 157, "fields": {"action_time": "2024-09-09T19:24:24.325Z", "user": 1, "content_type": 14, "object_id": "30", "object_repr": "070924230130", "action_flag": 3, "change_message": ""}}, {"model": "admin.logentry", "pk": 158, "fields": {"action_time": "2024-09-09T19:24:24.325Z", "user": 1, "content_type": 14, "object_id": "29", "object_repr": "070924230029", "action_flag": 3, "change_message": ""}}, {"model": "admin.logentry", "pk": 159, "fields": {"action_time": "2024-09-09T19:24:24.325Z", "user": 1, "content_type": 14, "object_id": "28", "object_repr": "070924230028", "action_flag": 3, "change_message": ""}}, {"model": "admin.logentry", "pk": 160, "fields": {"action_time": "2024-09-09T19:24:24.325Z", "user": 1, "content_type": 14, "object_id": "27", "object_repr": "070924225827", "action_flag": 3, "change_message": ""}}, {"model": "admin.logentry", "pk": 161, "fields": {"action_time": "2024-09-09T19:24:24.325Z", "user": 1, "content_type": 14, "object_id": "26", "object_repr": "070924225226", "action_flag": 3, "change_message": ""}}, {"model": "admin.logentry", "pk": 162, "fields": {"action_time": "2024-09-09T19:24:24.326Z", "user": 1, "content_type": 14, "object_id": "25", "object_repr": "070924225225", "action_flag": 3, "change_message": ""}}, {"model": "admin.logentry", "pk": 163, "fields": {"action_time": "2024-09-09T19:24:24.326Z", "user": 1, "content_type": 14, "object_id": "24", "object_repr": "070924224924", "action_flag": 3, "change_message": ""}}, {"model": "admin.logentry", "pk": 164, "fields": {"action_time": "2024-09-09T19:24:24.326Z", "user": 1, "content_type": 14, "object_id": "23", "object_repr": "070924224623", "action_flag": 3, "change_message": ""}}, {"model": "admin.logentry", "pk": 165, "fields": {"action_time": "2024-09-09T19:24:24.327Z", "user": 1, "content_type": 14, "object_id": "22", "object_repr": "070924224622", "action_flag": 3, "change_message": ""}}, {"model": "admin.logentry", "pk": 166, "fields": {"action_time": "2024-09-09T19:24:24.327Z", "user": 1, "content_type": 14, "object_id": "21", "object_repr": "070924224521", "action_flag": 3, "change_message": ""}}, {"model": "admin.logentry", "pk": 167, "fields": {"action_time": "2024-09-09T19:24:24.328Z", "user": 1, "content_type": 14, "object_id": "20", "object_repr": "070924224520", "action_flag": 3, "change_message": ""}}, {"model": "admin.logentry", "pk": 168, "fields": {"action_time": "2024-09-09T19:24:24.328Z", "user": 1, "content_type": 14, "object_id": "19", "object_repr": "070924224419", "action_flag": 3, "change_message": ""}}, {"model": "admin.logentry", "pk": 169, "fields": {"action_time": "2024-09-09T19:24:24.328Z", "user": 1, "content_type": 14, "object_id": "18", "object_repr": "070924224318", "action_flag": 3, "change_message": ""}}, {"model": "admin.logentry", "pk": 170, "fields": {"action_time": "2024-09-09T19:24:24.328Z", "user": 1, "content_type": 14, "object_id": "17", "object_repr": "070924201617", "action_flag": 3, "change_message": ""}}, {"model": "admin.logentry", "pk": 171, "fields": {"action_time": "2024-09-09T19:24:24.329Z", "user": 1, "content_type": 14, "object_id": "16", "object_repr": "070924201616", "action_flag": 3, "change_message": ""}}, {"model": "admin.logentry", "pk": 172, "fields": {"action_time": "2024-09-09T19:24:24.329Z", "user": 1, "content_type": 14, "object_id": "15", "object_repr": "070924201615", "action_flag": 3, "change_message": ""}}, {"model": "admin.logentry", "pk": 173, "fields": {"action_time": "2024-09-09T19:24:24.330Z", "user": 1, "content_type": 14, "object_id": "14", "object_repr": "070924201514", "action_flag": 3, "change_message": ""}}, {"model": "admin.logentry", "pk": 174, "fields": {"action_time": "2024-09-09T19:24:24.330Z", "user": 1, "content_type": 14, "object_id": "13", "object_repr": "070924201413", "action_flag": 3, "change_message": ""}}, {"model": "admin.logentry", "pk": 175, "fields": {"action_time": "2024-09-09T19:24:24.331Z", "user": 1, "content_type": 14, "object_id": "12", "object_repr": "070924201412", "action_flag": 3, "change_message": ""}}, {"model": "admin.logentry", "pk": 176, "fields": {"action_time": "2024-09-09T19:24:24.331Z", "user": 1, "content_type": 14, "object_id": "11", "object_repr": "070924201411", "action_flag": 3, "change_message": ""}}, {"model": "admin.logentry", "pk": 177, "fields": {"action_time": "2024-09-09T19:24:24.331Z", "user": 1, "content_type": 14, "object_id": "10", "object_repr": "070924201310", "action_flag": 3, "change_message": ""}}, {"model": "admin.logentry", "pk": 178, "fields": {"action_time": "2024-09-09T19:24:24.333Z", "user": 1, "content_type": 14, "object_id": "9", "object_repr": "07092420139", "action_flag": 3, "change_message": ""}}, {"model": "admin.logentry", "pk": 179, "fields": {"action_time": "2024-09-09T19:24:24.333Z", "user": 1, "content_type": 14, "object_id": "8", "object_repr": "07092420138", "action_flag": 3, "change_message": ""}}, {"model": "admin.logentry", "pk": 180, "fields": {"action_time": "2024-09-09T19:24:24.333Z", "user": 1, "content_type": 14, "object_id": "7", "object_repr": "07092420127", "action_flag": 3, "change_message": ""}}, {"model": "admin.logentry", "pk": 181, "fields": {"action_time": "2024-09-09T19:24:24.334Z", "user": 1, "content_type": 14, "object_id": "6", "object_repr": "07092420116", "action_flag": 3, "change_message": ""}}, {"model": "admin.logentry", "pk": 182, "fields": {"action_time": "2024-09-09T19:24:24.334Z", "user": 1, "content_type": 14, "object_id": "5", "object_repr": "07092420095", "action_flag": 3, "change_message": ""}}, {"model": "admin.logentry", "pk": 183, "fields": {"action_time": "2024-09-09T19:24:24.334Z", "user": 1, "content_type": 14, "object_id": "4", "object_repr": "07092417254", "action_flag": 3, "change_message": ""}}, {"model": "admin.logentry", "pk": 184, "fields": {"action_time": "2024-09-09T19:36:52.412Z", "user": 1, "content_type": 14, "object_id": "73", "object_repr": "123141432", "action_flag": 1, "change_message": "[{\"added\": {}}]"}}, {"model": "admin.logentry", "pk": 185, "fields": {"action_time": "2024-09-09T19:37:32.316Z", "user": 1, "content_type": 14, "object_id": "74", "object_repr": "235436346", "action_flag": 1, "change_message": "[{\"added\": {}}]"}}, {"model": "admin.logentry", "pk": 186, "fields": {"action_time": "2024-09-09T19:38:16.123Z", "user": 1, "content_type": 14, "object_id": "75", "object_repr": "2352312", "action_flag": 1, "change_message": "[{\"added\": {}}]"}}, {"model": "admin.logentry", "pk": 187, "fields": {"action_time": "2024-09-09T20:54:18.996Z", "user": 1, "content_type": 14, "object_id": "75", "object_repr": "2352312", "action_flag": 3, "change_message": ""}}, {"model": "admin.logentry", "pk": 188, "fields": {"action_time": "2024-09-09T20:54:18.999Z", "user": 1, "content_type": 14, "object_id": "74", "object_repr": "235436346", "action_flag": 3, "change_message": ""}}, {"model": "admin.logentry", "pk": 189, "fields": {"action_time": "2024-09-09T20:54:19.001Z", "user": 1, "content_type": 14, "object_id": "73", "object_repr": "123141432", "action_flag": 3, "change_message": ""}}, {"model": "admin.logentry", "pk": 190, "fields": {"action_time": "2024-09-09T21:23:57.763Z", "user": 1, "content_type": 14, "object_id": "81", "object_repr": "090924230281", "action_flag": 3, "change_message": ""}}, {"model": "admin.logentry", "pk": 191, "fields": {"action_time": "2024-09-09T21:23:57.768Z", "user": 1, "content_type": 14, "object_id": "80", "object_repr": "090924225980", "action_flag": 3, "change_message": ""}}, {"model": "admin.logentry", "pk": 192, "fields": {"action_time": "2024-09-09T21:23:57.769Z", "user": 1, "content_type": 14, "object_id": "79", "object_repr": "090924225479", "action_flag": 3, "change_message": ""}}, {"model": "admin.logentry", "pk": 193, "fields": {"action_time": "2024-09-09T21:23:57.769Z", "user": 1, "content_type": 14, "object_id": "78", "object_repr": "090924225378", "action_flag": 3, "change_message": ""}}, {"model": "admin.logentry", "pk": 194, "fields": {"action_time": "2024-09-09T21:23:57.770Z", "user": 1, "content_type": 14, "object_id": "77", "object_repr": "090924225377", "action_flag": 3, "change_message": ""}}, {"model": "admin.logentry", "pk": 195, "fields": {"action_time": "2024-09-09T21:23:57.770Z", "user": 1, "content_type": 14, "object_id": "76", "object_repr": "090924225276", "action_flag": 3, "change_message": ""}}, {"model": "admin.logentry", "pk": 196, "fields": {"action_time": "2024-09-11T08:16:14.478Z", "user": 1, "content_type": 14, "object_id": "96", "object_repr": "100924231796", "action_flag": 3, "change_message": ""}}, {"model": "admin.logentry", "pk": 197, "fields": {"action_time": "2024-09-11T08:16:14.486Z", "user": 1, "content_type": 14, "object_id": "95", "object_repr": "100924230695", "action_flag": 3, "change_message": ""}}, {"model": "admin.logentry", "pk": 198, "fields": {"action_time": "2024-09-11T08:16:14.488Z", "user": 1, "content_type": 14, "object_id": "94", "object_repr": "100924230594", "action_flag": 3, "change_message": ""}}, {"model": "admin.logentry", "pk": 199, "fields": {"action_time": "2024-09-11T08:16:14.490Z", "user": 1, "content_type": 14, "object_id": "93", "object_repr": "100924230293", "action_flag": 3, "change_message": ""}}, {"model": "admin.logentry", "pk": 200, "fields": {"action_time": "2024-09-11T08:16:14.492Z", "user": 1, "content_type": 14, "object_id": "92", "object_repr": "100924225892", "action_flag": 3, "change_message": ""}}, {"model": "admin.logentry", "pk": 201, "fields": {"action_time": "2024-09-11T08:16:14.493Z", "user": 1, "content_type": 14, "object_id": "91", "object_repr": "100924224691", "action_flag": 3, "change_message": ""}}, {"model": "admin.logentry", "pk": 202, "fields": {"action_time": "2024-09-11T08:16:14.495Z", "user": 1, "content_type": 14, "object_id": "90", "object_repr": "100924222390", "action_flag": 3, "change_message": ""}}, {"model": "admin.logentry", "pk": 203, "fields": {"action_time": "2024-09-11T08:16:14.496Z", "user": 1, "content_type": 14, "object_id": "89", "object_repr": "100924213289", "action_flag": 3, "change_message": ""}}, {"model": "admin.logentry", "pk": 204, "fields": {"action_time": "2024-09-11T08:16:14.497Z", "user": 1, "content_type": 14, "object_id": "88", "object_repr": "100924212688", "action_flag": 3, "change_message": ""}}, {"model": "admin.logentry", "pk": 205, "fields": {"action_time": "2024-09-11T08:16:14.498Z", "user": 1, "content_type": 14, "object_id": "87", "object_repr": "100924212387", "action_flag": 3, "change_message": ""}}, {"model": "admin.logentry", "pk": 206, "fields": {"action_time": "2024-09-11T08:16:14.499Z", "user": 1, "content_type": 14, "object_id": "86", "object_repr": "100924212186", "action_flag": 3, "change_message": ""}}, {"model": "admin.logentry", "pk": 207, "fields": {"action_time": "2024-09-11T08:16:14.500Z", "user": 1, "content_type": 14, "object_id": "85", "object_repr": "100924212085", "action_flag": 3, "change_message": ""}}, {"model": "admin.logentry", "pk": 208, "fields": {"action_time": "2024-09-11T08:16:14.500Z", "user": 1, "content_type": 14, "object_id": "84", "object_repr": "100924211684", "action_flag": 3, "change_message": ""}}, {"model": "admin.logentry", "pk": 209, "fields": {"action_time": "2024-09-11T08:16:26.999Z", "user": 1, "content_type": 14, "object_id": "83", "object_repr": "090924230583", "action_flag": 3, "change_message": ""}}, {"model": "admin.logentry", "pk": 210, "fields": {"action_time": "2024-09-11T08:16:27.003Z", "user": 1, "content_type": 14, "object_id": "82", "object_repr": "090924230482", "action_flag": 3, "change_message": ""}}, {"model": "admin.logentry", "pk": 211, "fields": {"action_time": "2024-09-11T13:23:38.997Z", "user": 1, "content_type": 6, "object_id": "54", "object_repr": "opgdistribucija@gmail.com", "action_flag": 3, "change_message": ""}}, {"model": "admin.logentry", "pk": 212, "fields": {"action_time": "2024-09-11T13:38:13.377Z", "user": 1, "content_type": 6, "object_id": "55", "object_repr": "opgdistribucija@gmail.com", "action_flag": 3, "change_message": ""}}, {"model": "auth.permission", "pk": 1, "fields": {"name": "Can add log entry", "content_type": 1, "codename": "add_logentry"}}, {"model": "auth.permission", "pk": 2, "fields": {"name": "Can change log entry", "content_type": 1, "codename": "change_logentry"}}, {"model": "auth.permission", "pk": 3, "fields": {"name": "Can delete log entry", "content_type": 1, "codename": "delete_logentry"}}, {"model": "auth.permission", "pk": 4, "fields": {"name": "Can view log entry", "content_type": 1, "codename": "view_logentry"}}, {"model": "auth.permission", "pk": 5, "fields": {"name": "Can add permission", "content_type": 2, "codename": "add_permission"}}, {"model": "auth.permission", "pk": 6, "fields": {"name": "Can change permission", "content_type": 2, "codename": "change_permission"}}, {"model": "auth.permission", "pk": 7, "fields": {"name": "Can delete permission", "content_type": 2, "codename": "delete_permission"}}, {"model": "auth.permission", "pk": 8, "fields": {"name": "Can view permission", "content_type": 2, "codename": "view_permission"}}, {"model": "auth.permission", "pk": 9, "fields": {"name": "Can add group", "content_type": 3, "codename": "add_group"}}, {"model": "auth.permission", "pk": 10, "fields": {"name": "Can change group", "content_type": 3, "codename": "change_group"}}, {"model": "auth.permission", "pk": 11, "fields": {"name": "Can delete group", "content_type": 3, "codename": "delete_group"}}, {"model": "auth.permission", "pk": 12, "fields": {"name": "Can view group", "content_type": 3, "codename": "view_group"}}, {"model": "auth.permission", "pk": 13, "fields": {"name": "Can add content type", "content_type": 4, "codename": "add_contenttype"}}, {"model": "auth.permission", "pk": 14, "fields": {"name": "Can change content type", "content_type": 4, "codename": "change_contenttype"}}, {"model": "auth.permission", "pk": 15, "fields": {"name": "Can delete content type", "content_type": 4, "codename": "delete_contenttype"}}, {"model": "auth.permission", "pk": 16, "fields": {"name": "Can view content type", "content_type": 4, "codename": "view_contenttype"}}, {"model": "auth.permission", "pk": 17, "fields": {"name": "Can add session", "content_type": 5, "codename": "add_session"}}, {"model": "auth.permission", "pk": 18, "fields": {"name": "Can change session", "content_type": 5, "codename": "change_session"}}, {"model": "auth.permission", "pk": 19, "fields": {"name": "Can delete session", "content_type": 5, "codename": "delete_session"}}, {"model": "auth.permission", "pk": 20, "fields": {"name": "Can view session", "content_type": 5, "codename": "view_session"}}, {"model": "auth.permission", "pk": 21, "fields": {"name": "Can add user", "content_type": 6, "codename": "add_user"}}, {"model": "auth.permission", "pk": 22, "fields": {"name": "Can change user", "content_type": 6, "codename": "change_user"}}, {"model": "auth.permission", "pk": 23, "fields": {"name": "Can delete user", "content_type": 6, "codename": "delete_user"}}, {"model": "auth.permission", "pk": 24, "fields": {"name": "Can view user", "content_type": 6, "codename": "view_user"}}, {"model": "auth.permission", "pk": 25, "fields": {"name": "Can add korisnicki profil", "content_type": 7, "codename": "add_korisnickiprofil"}}, {"model": "auth.permission", "pk": 26, "fields": {"name": "Can change korisnicki profil", "content_type": 7, "codename": "change_korisnickiprofil"}}, {"model": "auth.permission", "pk": 27, "fields": {"name": "Can delete korisnicki profil", "content_type": 7, "codename": "delete_korisnickiprofil"}}, {"model": "auth.permission", "pk": 28, "fields": {"name": "Can view korisnicki profil", "content_type": 7, "codename": "view_korisnickiprofil"}}, {"model": "auth.permission", "pk": 29, "fields": {"name": "Can add opg", "content_type": 8, "codename": "add_opg"}}, {"model": "auth.permission", "pk": 30, "fields": {"name": "Can change opg", "content_type": 8, "codename": "change_opg"}}, {"model": "auth.permission", "pk": 31, "fields": {"name": "Can delete opg", "content_type": 8, "codename": "delete_opg"}}, {"model": "auth.permission", "pk": 32, "fields": {"name": "Can view opg", "content_type": 8, "codename": "view_opg"}}, {"model": "auth.permission", "pk": 33, "fields": {"name": "Can add kategorije proizvoda", "content_type": 9, "codename": "add_kategorijeproizvoda"}}, {"model": "auth.permission", "pk": 34, "fields": {"name": "Can change kategorije proizvoda", "content_type": 9, "codename": "change_kategorijeproizvoda"}}, {"model": "auth.permission", "pk": 35, "fields": {"name": "Can delete kategorije proizvoda", "content_type": 9, "codename": "delete_kategorijeproizvoda"}}, {"model": "auth.permission", "pk": 36, "fields": {"name": "Can view kategorije proizvoda", "content_type": 9, "codename": "view_kategorijeproizvoda"}}, {"model": "auth.permission", "pk": 37, "fields": {"name": "Can add proizvodi", "content_type": 10, "codename": "add_proizvodi"}}, {"model": "auth.permission", "pk": 38, "fields": {"name": "Can change proizvodi", "content_type": 10, "codename": "change_proizvodi"}}, {"model": "auth.permission", "pk": 39, "fields": {"name": "Can delete proizvodi", "content_type": 10, "codename": "delete_proizvodi"}}, {"model": "auth.permission", "pk": 40, "fields": {"name": "Can view proizvodi", "content_type": 10, "codename": "view_proizvodi"}}, {"model": "auth.permission", "pk": 41, "fields": {"name": "Can add kosarica", "content_type": 11, "codename": "add_kosarica"}}, {"model": "auth.permission", "pk": 42, "fields": {"name": "Can change kosarica", "content_type": 11, "codename": "change_kosarica"}}, {"model": "auth.permission", "pk": 43, "fields": {"name": "Can delete kosarica", "content_type": 11, "codename": "delete_kosarica"}}, {"model": "auth.permission", "pk": 44, "fields": {"name": "Can view kosarica", "content_type": 11, "codename": "view_kosarica"}}, {"model": "auth.permission", "pk": 45, "fields": {"name": "Can add porez", "content_type": 12, "codename": "add_porez"}}, {"model": "auth.permission", "pk": 46, "fields": {"name": "Can change porez", "content_type": 12, "codename": "change_porez"}}, {"model": "auth.permission", "pk": 47, "fields": {"name": "Can delete porez", "content_type": 12, "codename": "delete_porez"}}, {"model": "auth.permission", "pk": 48, "fields": {"name": "Can view porez", "content_type": 12, "codename": "view_porez"}}, {"model": "auth.permission", "pk": 49, "fields": {"name": "Can add naruceni proizvodi", "content_type": 13, "codename": "add_naruceniproizvodi"}}, {"model": "auth.permission", "pk": 50, "fields": {"name": "Can change naruceni proizvodi", "content_type": 13, "codename": "change_naruceniproizvodi"}}, {"model": "auth.permission", "pk": 51, "fields": {"name": "Can delete naruceni proizvodi", "content_type": 13, "codename": "delete_naruceniproizvodi"}}, {"model": "auth.permission", "pk": 52, "fields": {"name": "Can view naruceni proizvodi", "content_type": 13, "codename": "view_naruceniproizvodi"}}, {"model": "auth.permission", "pk": 53, "fields": {"name": "Can add narudzba", "content_type": 14, "codename": "add_narudzba"}}, {"model": "auth.permission", "pk": 54, "fields": {"name": "Can change narudzba", "content_type": 14, "codename": "change_narudzba"}}, {"model": "auth.permission", "pk": 55, "fields": {"name": "Can delete narudzba", "content_type": 14, "codename": "delete_narudzba"}}, {"model": "auth.permission", "pk": 56, "fields": {"name": "Can view narudzba", "content_type": 14, "codename": "view_narudzba"}}, {"model": "auth.permission", "pk": 57, "fields": {"name": "Can add placanje", "content_type": 15, "codename": "add_placanje"}}, {"model": "auth.permission", "pk": 58, "fields": {"name": "Can change placanje", "content_type": 15, "codename": "change_placanje"}}, {"model": "auth.permission", "pk": 59, "fields": {"name": "Can delete placanje", "content_type": 15, "codename": "delete_placanje"}}, {"model": "auth.permission", "pk": 60, "fields": {"name": "Can view placanje", "content_type": 15, "codename": "view_placanje"}}, {"model": "contenttypes.contenttype", "pk": 1, "fields": {"app_label": "admin", "model": "logentry"}}, {"model": "contenttypes.contenttype", "pk": 2, "fields": {"app_label": "auth", "model": "permission"}}, {"model": "contenttypes.contenttype", "pk": 3, "fields": {"app_label": "auth", "model": "group"}}, {"model": "contenttypes.contenttype", "pk": 4, "fields": {"app_label": "contenttypes", "model": "contenttype"}}, {"model": "contenttypes.contenttype", "pk": 5, "fields": {"app_label": "sessions", "model": "session"}}, {"model": "contenttypes.contenttype", "pk": 6, "fields": {"app_label": "korisnicki_racuni", "model": "user"}}, {"model": "contenttypes.contenttype", "pk": 7, "fields": {"app_label": "korisnicki_racuni", "model": "korisnickiprofil"}}, {"model": "contenttypes.contenttype", "pk": 8, "fields": {"app_label": "opg", "model": "opg"}}, {"model": "contenttypes.contenttype", "pk": 9, "fields": {"app_label": "opg_ponuda", "model": "kategorijeproizvoda"}}, {"model": "contenttypes.contenttype", "pk": 10, "fields": {"app_label": "opg_ponuda", "model": "proizvodi"}}, {"model": "contenttypes.contenttype", "pk": 11, "fields": {"app_label": "e_trznica", "model": "kosarica"}}, {"model": "contenttypes.contenttype", "pk": 12, "fields": {"app_label": "e_trznica", "model": "porez"}}, {"model": "contenttypes.contenttype", "pk": 13, "fields": {"app_label": "narudzbe", "model": "naruceniproizvodi"}}, {"model": "contenttypes.contenttype", "pk": 14, "fields": {"app_label": "narudzbe", "model": "narudzba"}}, {"model": "contenttypes.contenttype", "pk": 15, "fields": {"app_label": "narudzbe", "model": "placanje"}}, {"model": "sessions.session", "pk": "25zunny1bj03c34t2j6px9nogwqazqz6", "fields": {"session_data": ".eJxVjE0OwiAYBe_C2hAoBcGl-56BfD8gVQNJaVfGu2uTLnT7Zua9RIRtLXHraYkzi4vQ4vS7IdAj1R3wHeqtSWp1XWaUuyIP2uXUOD2vh_t3UKCXb02sUZvRKZ8QbVB5JJ99sESO2DAThsEbm-1IEHRiq7Tjsx_AWeTgknh_APmOOHA:1sdC8s:kuiw1XFf4N3FLgtBrS76sGQ8kBAmXsyQCbyiiafpyew", "expire_date": "2024-08-25T17:14:06.819Z"}}, {"model": "sessions.session", "pk": "2eaf8nqt0kt2i922t2xrbuqig7xoa7dr", "fields": {"session_data": "e30:1rzK7E:YDXNeXKdbP_YfjUtXY6aiLITl1N1gwEPQCUZsWw7LV8", "expire_date": "2024-05-07T17:39:36.215Z"}}, {"model": "sessions.session", "pk": "3lhlybiukx2qgx3afeej65mqav2h5791", "fields": {"session_data": ".eJxVjE0OwiAYBe_C2hAoBcGl-56BfD8gVQNJaVfGu2uTLnT7Zua9RIRtLXHraYkzi4vQ4vS7IdAj1R3wHeqtSWp1XWaUuyIP2uXUOD2vh_t3UKCXb02sUZvRKZ8QbVB5JJ99sESO2DAThsEbm-1IEHRiq7Tjsx_AWeTgknh_APmOOHA:1snbil:xHfZ_7rN3v4yxF_qvK1vI-AOHdQ7cKB2P1q9E_v_Awk", "expire_date": "2024-09-23T10:34:11.667Z"}}, {"model": "sessions.session", "pk": "8ftbz91gyn92cr1z4opdpmsuo2mcvygb", "fields": {"session_data": ".eJxVjE0OwiAYBe_C2hAoBcGl-56BfD8gVQNJaVfGu2uTLnT7Zua9RIRtLXHraYkzi4vQ4vS7IdAj1R3wHeqtSWp1XWaUuyIP2uXUOD2vh_t3UKCXb02sUZvRKZ8QbVB5JJ99sESO2DAThsEbm-1IEHRiq7Tjsx_AWeTgknh_APmOOHA:1sCgmJ:ZzAgVWowsOzdOeBjS_Tcl1MR_1PsX9mmb-oOVCDLNTM", "expire_date": "2024-06-13T14:29:15.020Z"}}, {"model": "sessions.session", "pk": "8n9lq8xd99q10kgtay78od6xo5to36yx", "fields": {"session_data": ".eJxVjE0OwiAYBe_C2hAoBcGl-56BfD8gVQNJaVfGu2uTLnT7Zua9RIRtLXHraYkzi4vQ4vS7IdAj1R3wHeqtSWp1XWaUuyIP2uXUOD2vh_t3UKCXb02sUZvRKZ8QbVB5JJ99sESO2DAThsEbm-1IEHRiq7Tjsx_AWeTgknh_APmOOHA:1sD2oB:dI9_iFD3PbWM20KlIYGqxU1ReuDY5OnVyf0NGO_2AOQ", "expire_date": "2024-06-14T14:00:39.108Z"}}, {"model": "sessions.session", "pk": "8oaak51umaq1x9jufsvvvlvsxlfpp4zi", "fields": {"session_data": "eyJsYXQiOiI0OS40ODk0OTI0NTQzMDkyNjQiLCJsbmciOiI4LjQ3NTEzMDY3NzgyOTg3OCJ9:1scWgp:5EaKbyQ36NhalcYQgORIU-OpoLdJeBtr8H9onjyxrrY", "expire_date": "2024-08-23T20:58:23.324Z"}}, {"model": "sessions.session", "pk": "91s7tkmzilfshxy9rxjjqyhzbq4n6jgs", "fields": {"session_data": "e30:1rzK9x:xC5orBgqysUEkrRzUPmW82zCqrhMqlPkOsjyR8DW164", "expire_date": "2024-05-07T17:42:25.214Z"}}, {"model": "sessions.session", "pk": "abl79o6tdoc1wbq35pjsxnhk4kg4zzrd", "fields": {"session_data": ".eJxVjE0OwiAYBe_C2hAoBcGl-56BfD8gVQNJaVfGu2uTLnT7Zua9RIRtLXHraYkzi4vQ4vS7IdAj1R3wHeqtSWp1XWaUuyIP2uXUOD2vh_t3UKCXb02sUZvRKZ8QbVB5JJ99sESO2DAThsEbm-1IEHRiq7Tjsx_AWeTgknh_APmOOHA:1saKCv:IRlcRX22esLnYVHUSm49ZJT79WVsdEI0JQSn4v6LzpY", "expire_date": "2024-08-17T19:14:25.991Z"}}, {"model": "sessions.session", "pk": "eayas8jh63yii8hngqi8phl5nyigsfzl", "fields": {"session_data": "eyJsYXQiOiI0OS40ODk0OTI2NDY5OTkyIiwibG5nIjoiOC40NzUxMjkxMTE5MjIxNDkifQ:1scWfE:rtlZHJOsmlaWVoBjcayyjeeljigUTNAS5FoIQXjCZ2Q", "expire_date": "2024-08-23T20:56:44.316Z"}}, {"model": "sessions.session", "pk": "fo56pq2std0bib5l0t2gezejvj12qjjw", "fields": {"session_data": ".eJxVjEEOwiAQRe_C2hAYpoAu3fcMZBhAqoYmpV0Z765NutDtf-_9lwi0rTVsPS9hSuIi0IvT7xiJH7ntJN2p3WbJc1uXKcpdkQftcpxTfl4P9--gUq_fmkyxOjlg5TUYjmSAoy8EiIq9zujRApwJkqEBEUlpVyI7w4PPzqJ4fwABEjeU:1soQQD:t7RZyG5LX6ZbwtkdgAl0dP-GA8D_tLpDj1At7tQiFl4", "expire_date": "2024-09-25T16:42:25.846Z"}}, {"model": "sessions.session", "pk": "gakegdj6e244iqzys86kpr2kg0r2qhik", "fields": {"session_data": "e30:1rzK90:C24yBLwJFMXQRNZKSJild9sgPuKUjyMzTlbfFiBTvWk", "expire_date": "2024-05-07T17:41:26.605Z"}}, {"model": "sessions.session", "pk": "ixztvm6ttv0y3mafjb1fn4in0ollw31w", "fields": {"session_data": ".eJxVjE0OwiAYBe_C2hAoBcGl-56BfD8gVQNJaVfGu2uTLnT7Zua9RIRtLXHraYkzi4vQ4vS7IdAj1R3wHeqtSWp1XWaUuyIP2uXUOD2vh_t3UKCXb02sUZvRKZ8QbVB5JJ99sESO2DAThsEbm-1IEHRiq7Tjsx_AWeTgknh_APmOOHA:1sdydW:C54VwvY-T0jPGDtDGt2jbKqeeXi4uJleBoU37rAsk7U", "expire_date": "2024-08-27T21:00:58.161Z"}}, {"model": "sessions.session", "pk": "lrpcvtx78uovvkri8goefi4adp75cvea", "fields": {"session_data": ".eJxVjE0OwiAYBe_C2hAoBcGl-56BfD8gVQNJaVfGu2uTLnT7Zua9RIRtLXHraYkzi4vQ4vS7IdAj1R3wHeqtSWp1XWaUuyIP2uXUOD2vh_t3UKCXb02sUZvRKZ8QbVB5JJ99sESO2DAThsEbm-1IEHRiq7Tjsx_AWeTgknh_APmOOHA:1so624:Drzcu3qKay-mJw_He2K2P6KdrJlGJRUAMM1I97Qrk2Q", "expire_date": "2024-09-24T18:56:08.960Z"}}, {"model": "sessions.session", "pk": "pileem128dlw8pzng3obbekpo0ykices", "fields": {"session_data": ".eJxVjE0OwiAYBe_C2hAoBcGl-56BfD8gVQNJaVfGu2uTLnT7Zua9RIRtLXHraYkzi4vQ4vS7IdAj1R3wHeqtSWp1XWaUuyIP2uXUOD2vh_t3UKCXb02sUZvRKZ8QbVB5JJ99sESO2DAThsEbm-1IEHRiq7Tjsx_AWeTgknh_APmOOHA:1sn429:4_d6jAnC4SD0kR5ZJ-6iD0_R_k4ydxSfKJnR32cmbbo", "expire_date": "2024-09-21T22:35:57.038Z"}}, {"model": "sessions.session", "pk": "pl72wcv38ubemc4h0p1qmu149dnetw39", "fields": {"session_data": ".eJxVjE0OwiAYBe_C2hAoBcGl-56BfD8gVQNJaVfGu2uTLnT7Zua9RIRtLXHraYkzi4vQ4vS7IdAj1R3wHeqtSWp1XWaUuyIP2uXUOD2vh_t3UKCXb02sUZvRKZ8QbVB5JJ99sESO2DAThsEbm-1IEHRiq7Tjsx_AWeTgknh_APmOOHA:1sAsbc:8xSIFG66sqOXg5o-uKWH_7mEqFopd4oURSYZRkq4XLk", "expire_date": "2024-06-08T14:42:44.965Z"}}, {"model": "sessions.session", "pk": "rhf6gzq3e1p3ov9ee80u4ln6kgypht8e", "fields": {"session_data": ".eJxVjE0OwiAYBe_C2hAoBcGl-56BfD8gVQNJaVfGu2uTLnT7Zua9RIRtLXHraYkzi4vQ4vS7IdAj1R3wHeqtSWp1XWaUuyIP2uXUOD2vh_t3UKCXb02sUZvRKZ8QbVB5JJ99sESO2DAThsEbm-1IEHRiq7Tjsx_AWeTgknh_APmOOHA:1soNHR:svkNLNGAwKetkbN067BlMm6ZPlBz5-Ck7lnFqPcWMsc", "expire_date": "2024-09-25T13:21:09.384Z"}}, {"model": "sessions.session", "pk": "rtt91z876mp0kvjmlhs8r4imw438r2qa", "fields": {"session_data": ".eJxVjEEOwiAQRe_C2hAYpoAu3fcMZBhAqoYmpV0Z765NutDtf-_9lwi0rTVsPS9hSuIi0IvT7xiJH7ntJN2p3WbJc1uXKcpdkQftcpxTfl4P9--gUq_fmkyxOjlg5TUYjmSAoy8EiIq9zujRApwJkqEBEUlpVyI7w4PPzqJ4fwABEjeU:1sdFh7:59K1V3B6qWDczNrxraSmsSH_74n0cTEKIT2dOJV_pBE", "expire_date": "2024-08-25T21:01:41.216Z"}}, {"model": "sessions.session", "pk": "sfdaa6tci3eafrtr23no3664rt6sasm1", "fields": {"session_data": ".eJxVjE0OwiAYBe_C2hAoBcGl-56BfD8gVQNJaVfGu2uTLnT7Zua9RIRtLXHraYkzi4vQ4vS7IdAj1R3wHeqtSWp1XWaUuyIP2uXUOD2vh_t3UKCXb02sUZvRKZ8QbVB5JJ99sESO2DAThsEbm-1IEHRiq7Tjsx_AWeTgknh_APmOOHA:1scssf:RC2obO2jEeG5rTo8-SWlNDfemPbPszdAE-4Cf4JLkm4", "expire_date": "2024-08-24T20:40:05.427Z"}}, {"model": "sessions.session", "pk": "twsf6b839ie9y9c8owgxdwx4ec6w4mwm", "fields": {"session_data": "e30:1rzK3E:qnSPBV2SzBVSHWvHQeG3VTvDuAY0Z8h_0ujvppohOnE", "expire_date": "2024-05-07T17:35:28.328Z"}}, {"model": "sessions.session", "pk": "uc49u8sjr7zbzh9fmfagtsa89u0ih511", "fields": {"session_data": ".eJxVjE0OwiAYBe_C2hAoBcGl-56BfD8gVQNJaVfGu2uTLnT7Zua9RIRtLXHraYkzi4vQ4vS7IdAj1R3wHeqtSWp1XWaUuyIP2uXUOD2vh_t3UKCXb02sUZvRKZ8QbVB5JJ99sESO2DAThsEbm-1IEHRiq7Tjsx_AWeTgknh_APmOOHA:1rpU5P:ePZAv1yjILHUs9EChhVL64qxqiUiCt_5rfayTSKppq8", "expire_date": "2024-04-10T14:17:03.768Z"}}, {"model": "sessions.session", "pk": "vuzbv62j96o42jfbhln64kbpl6dfp944", "fields": {"session_data": ".eJxVjE0OwiAYBe_C2hAoBcGl-56BfD8gVQNJaVfGu2uTLnT7Zua9RIRtLXHraYkzi4vQ4vS7IdAj1R3wHeqtSWp1XWaUuyIP2uXUOD2vh_t3UKCXb02sUZvRKZ8QbVB5JJ99sESO2DAThsEbm-1IEHRiq7Tjsx_AWeTgknh_APmOOHA:1saZwP:739oc5PtoT44Smn_OSmkoInhsLE7-VP0vtcjSdnDF78", "expire_date": "2024-08-18T12:02:25.113Z"}}, {"model": "sessions.session", "pk": "wtlfuv3jv6vs4rpqst4ni6pbbkmpx4z9", "fields": {"session_data": "e30:1rzK8E:fqdske3lwa4Qs93Dqpis5XN3yQz6OnbvL-W3FqeqvX4", "expire_date": "2024-05-07T17:40:38.349Z"}}, {"model": "sessions.session", "pk": "wytkrzxcn198703w8i63gj1t22euoahr", "fields": {"session_data": ".eJxVjE0OwiAYBe_C2hAoBcGl-56BfD8gVQNJaVfGu2uTLnT7Zua9RIRtLXHraYkzi4vQ4vS7IdAj1R3wHeqtSWp1XWaUuyIP2uXUOD2vh_t3UKCXb02sUZvRKZ8QbVB5JJ99sESO2DAThsEbm-1IEHRiq7Tjsx_AWeTgknh_APmOOHA:1sCmbo:8DQHIgXiCCUff3yJG0XGOoi_IShlttTtY7Z3lrxD_rw", "expire_date": "2024-06-13T20:42:48.419Z"}}, {"model": "sessions.session", "pk": "z4dtdivfr0h1vpjsmw9on08ss7vpmyjf", "fields": {"session_data": ".eJxVjE0OwiAYBe_C2hAoBcGl-56BfD8gVQNJaVfGu2uTLnT7Zua9RIRtLXHraYkzi4vQ4vS7IdAj1R3wHeqtSWp1XWaUuyIP2uXUOD2vh_t3UKCXb02sUZvRKZ8QbVB5JJ99sESO2DAThsEbm-1IEHRiq7Tjsx_AWeTgknh_APmOOHA:1snDir:5qZM5kr8RGnvnIZvYT_ao7sAPLHcaJOVvoxlDLtoZtA", "expire_date": "2024-09-22T08:56:41.132Z"}}, {"model": "sessions.session", "pk": "zixgranshhrmiphbyodf57r2ayir36ge", "fields": {"session_data": ".eJxVjE0OwiAYBe_C2hAoBcGl-56BfD8gVQNJaVfGu2uTLnT7Zua9RIRtLXHraYkzi4vQ4vS7IdAj1R3wHeqtSWp1XWaUuyIP2uXUOD2vh_t3UKCXb02sUZvRKZ8QbVB5JJ99sESO2DAThsEbm-1IEHRiq7Tjsx_AWeTgknh_APmOOHA:1sb4O4:mYwShKLaX18nFEsiegh7QRXQxoVw8TsPRmeLSzqjsZc", "expire_date": "2024-08-19T20:33:00.945Z"}}, {"model": "korisnicki_racuni.user", "pk": 1, "fields": {"password": "pbkdf2_sha256$720000$KMwo8JlwjtfMQnyhSpsiVk$t2Bdwaw7EmjBvYY0M6aewatKePc9yH+pHq28lkVSdHI=", "first_name": "Josip", "last_name": "Relic", "username": "relic", "email": "rela1409@gmail.com", "phone_number": "", "role": null, "date_joined": "2024-03-27T14:12:28.555Z", "last_login": "2024-09-11T13:21:09.374Z", "created_date": "2024-03-27T14:12:28.555Z", "modified_date": "2024-03-27T14:12:28.558Z", "is_admin": true, "is_staff": true, "is_active": true, "is_superadmin": true}}, {"model": "korisnicki_racuni.user", "pk": 47, "fields": {"password": "pbkdf2_sha256$720000$VWpuSthRlbmDZaeX5JsRuA$XzRHFOuyk8oKfpIrciut+zfLZw7ZQhcmI4l2o8pSl8A=", "first_name": "email", "last_name": "test", "username": "email0", "email": "emailtestni0@gmail.com", "phone_number": "", "role": 1, "date_joined": "2024-05-06T18:09:40.445Z", "last_login": "2024-09-11T09:26:04.422Z", "created_date": "2024-05-06T18:09:40.445Z", "modified_date": "2024-08-03T16:59:45.485Z", "is_admin": false, "is_staff": false, "is_active": true, "is_superadmin": false}}, {"model": "korisnicki_racuni.user", "pk": 48, "fields": {"password": "pbkdf2_sha256$720000$DftX2pJWf75PnlChDNXhyA$QfTqu37YvpBYupVGGRFCgfNO6RmOu/1fQgPFXUD9o1g=", "first_name": "Josip", "last_name": "Relić", "username": "kupac", "email": "2josip.relic@gmail.com", "phone_number": "0992103477", "role": 2, "date_joined": "2024-05-22T18:53:06.621Z", "last_login": "2024-09-11T16:42:25.836Z", "created_date": "2024-05-22T18:53:06.621Z", "modified_date": "2024-08-11T17:16:19.532Z", "is_admin": false, "is_staff": false, "is_active": true, "is_superadmin": false}}, {"model": "korisnicki_racuni.user", "pk": 52, "fields": {"password": "pbkdf2_sha256$720000$qdf7mE4e6zyjvFb30oT3pi$Z3DBtTAWRIaguRHfnirGEL/dCu+7iBW/z7HMoFAgS2A=", "first_name": "opg", "last_name": "test", "username": "test", "email": "test@opg.com", "phone_number": "", "role": 1, "date_joined": "2024-08-05T20:08:55.382Z", "last_login": "2024-09-09T10:37:02.281Z", "created_date": "2024-08-05T20:08:55.382Z", "modified_date": "2024-08-05T20:11:32.006Z", "is_admin": false, "is_staff": false, "is_active": true, "is_superadmin": false}}, {"model": "korisnicki_racuni.user", "pk": 53, "fields": {"password": "pbkdf2_sha256$720000$6aXlyquvUZ2z2bgmjGCRu0$08Ipqtur1dUk5gKOgK2la5WqFOL05VrWrtksbYJ4CKw=", "first_name": "Mario", "last_name": "Marković", "username": "markovic", "email": "markovic@gmail.com", "phone_number": "", "role": 1, "date_joined": "2024-08-06T19:05:46.593Z", "last_login": "2024-09-09T10:34:24.821Z", "created_date": "2024-08-06T19:05:46.593Z", "modified_date": "2024-08-06T19:06:07.500Z", "is_admin": false, "is_staff": false, "is_active": true, "is_superadmin": false}}, {"model": "korisnicki_racuni.user", "pk": 56, "fields": {"password": "pbkdf2_sha256$720000$stX9bNCdlt0j0Qd8xEuLxu$eOKEdF51p1QvGyeB9jfd5kHu1L7mOUFy2oQCYWNYHVc=", "first_name": "Opg", "last_name": "Distribucija", "username": "opg", "email": "opgdistribucija@gmail.com", "phone_number": "", "role": 1, "date_joined": "2024-09-11T13:38:43.998Z", "last_login": "2024-09-11T13:38:43.998Z", "created_date": "2024-09-11T13:38:43.998Z", "modified_date": "2024-09-11T13:38:44.020Z", "is_admin": false, "is_staff": false, "is_active": false, "is_superadmin": false}}, {"model": "korisnicki_racuni.korisnickiprofil", "pk": 1, "fields": {"korisnik": 1, "slika_profila": "korisnici/slike_profila/slika_profila_JR.jpg", "naslovna_slika": "korisnici/naslovne_slike/naslovna_slika_JR.jpg", "adresa": null, "drzava": null, "zupanija": null, "grad": null, "postanski_broj": null, "latituda": null, "longituda": null, "lokacija": null, "kreirano": "2024-03-27T16:25:44.828Z", "izmijenjeno": "2024-09-11T13:21:09.382Z"}}, {"model": "korisnicki_racuni.korisnickiprofil", "pk": 47, "fields": {"korisnik": 47, "slika_profila": "korisnici/slike_profila/opg_profilna_nova.jpg", "naslovna_slika": "korisnici/naslovne_slike/naslovna_slika_JR_wvZHWiD.jpg", "adresa": "Novska, Zagrebačka ulica, Novska, Croatia", "drzava": "Croatia", "zupanija": "Sisačko-moslavačka županija", "grad": "Novska", "postanski_broj": "44330", "latituda": "45.3475189", "longituda": "16.9716548", "lokacija": "SRID=4326;POINT (16.9716548 45.3475189)", "kreirano": "2024-05-06T18:09:40.449Z", "izmijenjeno": "2024-09-11T09:26:04.429Z"}}, {"model": "korisnicki_racuni.korisnickiprofil", "pk": 48, "fields": {"korisnik": 48, "slika_profila": "korisnici/slike_profila/slika_profila_JR_A7SIsBs.jpg", "naslovna_slika": "korisnici/naslovne_slike/naslovna_slika_JR_aSwUvSE.jpg", "adresa": "U6, Mannheim-Quadrate, Germany", "drzava": "Germany", "zupanija": "Baden-Württemberg", "grad": "Mannheim", "postanski_broj": "68161", "latituda": "49.4901169", "longituda": "8.4754028", "lokacija": "SRID=4326;POINT (8.4754028 49.4901169)", "kreirano": "2024-05-22T18:53:06.630Z", "izmijenjeno": "2024-09-11T16:42:25.844Z"}}, {"model": "korisnicki_racuni.korisnickiprofil", "pk": 52, "fields": {"korisnik": 52, "slika_profila": "korisnici/slike_profila/opg_profilna_im3nyxU.jpg", "naslovna_slika": "korisnici/naslovne_slike/default-profile.jpg", "adresa": "Nova Gradiška, Slavča ulica, Nova Gradiška, Croatia", "drzava": "Croatia", "zupanija": "Brodsko-posavska županija", "grad": "Nova Gradiška", "postanski_broj": "35400", "latituda": "45.2663279", "longituda": "17.3727402", "lokacija": "SRID=4326;POINT (17.3727402 45.2663279)", "kreirano": "2024-08-05T20:08:55.389Z", "izmijenjeno": "2024-09-09T10:37:16.259Z"}}, {"model": "korisnicki_racuni.korisnickiprofil", "pk": 53, "fields": {"korisnik": 53, "slika_profila": "korisnici/slike_profila/tresnje.jpg", "naslovna_slika": "korisnici/naslovne_slike/default-cover.jpg", "adresa": "Kutina, Ulica Kralja Petra Krešimira IV, Kutina, Croatia", "drzava": "Croatia", "zupanija": "Sisačko-moslavačka županija", "grad": "Kutina", "postanski_broj": "44320", "latituda": "45.4796752", "longituda": "16.7750225", "lokacija": "SRID=4326;POINT (16.7750225 45.4796752)", "kreirano": "2024-08-06T19:05:46.595Z", "izmijenjeno": "2024-09-09T10:36:25.708Z"}}, {"model": "korisnicki_racuni.korisnickiprofil", "pk": 56, "fields": {"korisnik": 56, "slika_profila": "", "naslovna_slika": "", "adresa": null, "drzava": null, "zupanija": null, "grad": null, "postanski_broj": null, "latituda": null, "longituda": null, "lokacija": null, "kreirano": "2024-09-11T13:38:44.006Z", "izmijenjeno": "2024-09-11T13:38:44.024Z"}}, {"model": "opg.opg", "pk": 3, "fields": {"korisnik": 47, "korisnicki_profil": 47, "naziv_opga": "TESTOPG novi", "opg_slug": "testopg-novi", "potvrda_opga": "opg/potvrda/potvrda_OPG_806hWBm.jpg", "opg_verificiran": true, "kreirano": "2024-05-06T18:09:40.463Z", "izmijenjeno": "2024-09-09T10:38:00.215Z"}}, {"model": "opg.opg", "pk": 7, "fields": {"korisnik": 52, "korisnicki_profil": 52, "naziv_opga": "opg_test", "opg_slug": "opg_test-52", "potvrda_opga": "opg/potvrda/opg_profilna_nova.jpg", "opg_verificiran": true, "kreirano": "2024-08-05T20:08:55.407Z", "izmijenjeno": "2024-09-09T10:37:16.267Z"}}, {"model": "opg.opg", "pk": 8, "fields": {"korisnik": 53, "korisnicki_profil": 53, "naziv_opga": "OPG Marković", "opg_slug": "opg-markovic-53", "potvrda_opga": "opg/potvrda/mandarine.jpg", "opg_verificiran": true, "kreirano": "2024-08-06T19:05:46.619Z", "izmijenjeno": "2024-09-09T10:36:25.713Z"}}, {"model": "opg.opg", "pk": 9, "fields": {"korisnik": 56, "korisnicki_profil": 56, "naziv_opga": "opg_provjera", "opg_slug": "opg_provjera-56", "potvrda_opga": "opg/potvrda/potvrda_OPG_fftgcIW.jpg", "opg_verificiran": false, "kreirano": "2024-09-11T13:38:44.029Z", "izmijenjeno": "2024-09-11T13:38:44.029Z"}}, {"model": "opg_ponuda.kategorijeproizvoda", "pk": 21, "fields": {"opg": 3, "naziv_kategorije": "Voće", "slug": "voce", "opis_kategorije": "", "kreirano": "2024-08-05T20:33:09.949Z", "izmijenjeno": "2024-08-05T20:33:09.949Z"}}, {"model": "opg_ponuda.kategorijeproizvoda", "pk": 23, "fields": {"opg": 7, "naziv_kategorije": "Voće", "slug": "voce-23", "opis_kategorije": "bio voce", "kreirano": "2024-08-05T20:37:16.186Z", "izmijenjeno": "2024-08-05T20:42:00.758Z"}}, {"model": "opg_ponuda.kategorijeproizvoda", "pk": 24, "fields": {"opg": 7, "naziv_kategorije": "Povrće", "slug": "povrce-24", "opis_kategorije": "domace povrce", "kreirano": "2024-08-05T20:41:53.106Z", "izmijenjeno": "2024-08-05T20:41:53.108Z"}}, {"model": "opg_ponuda.kategorijeproizvoda", "pk": 25, "fields": {"opg": 3, "naziv_kategorije": "Alkoholna pića", "slug": "alkoholna-pica-25", "opis_kategorije": "domaca alkoholna pica", "kreirano": "2024-08-05T20:43:30.352Z", "izmijenjeno": "2024-08-05T20:43:30.354Z"}}, {"model": "opg_ponuda.kategorijeproizvoda", "pk": 26, "fields": {"opg": 3, "naziv_kategorije": "Povrće", "slug": "povrce-26", "opis_kategorije": "domace", "kreirano": "2024-08-05T21:15:42.280Z", "izmijenjeno": "2024-08-05T21:15:42.283Z"}}, {"model": "opg_ponuda.kategorijeproizvoda", "pk": 27, "fields": {"opg": 8, "naziv_kategorije": "Voće", "slug": "voce-27", "opis_kategorije": "voce", "kreirano": "2024-08-06T19:07:53.735Z", "izmijenjeno": "2024-08-06T19:07:53.736Z"}}, {"model": "opg_ponuda.proizvodi", "pk": 15, "fields": {"opg": 7, "kategorija_proizvoda": 23, "naziv_proizvoda": "Banane", "slug": "banane", "opis_proizvoda": "Banane bio", "cijena_proizvoda": "2.30", "slika_proizvoda": "slike_proizvoda/banane_cektdzk.jpg", "proizvod_dostupan": true, "kreirano": "2024-08-05T20:39:02.612Z", "izmijenjeno": "2024-08-05T20:39:02.612Z"}}, {"model": "opg_ponuda.proizvodi", "pk": 16, "fields": {"opg": 7, "kategorija_proizvoda": 23, "naziv_proizvoda": "Trešnje", "slug": "tresnje", "opis_proizvoda": "Bio tresnje", "cijena_proizvoda": "3.00", "slika_proizvoda": "slike_proizvoda/tresnje_OtMmcZQ.jpg", "proizvod_dostupan": true, "kreirano": "2024-08-05T20:41:30.447Z", "izmijenjeno": "2024-08-05T20:41:30.447Z"}}, {"model": "opg_ponuda.proizvodi", "pk": 17, "fields": {"opg": 7, "kategorija_proizvoda": 24, "naziv_proizvoda": "Krumpiri", "slug": "krumpiri", "opis_proizvoda": "domaci", "cijena_proizvoda": "1.00", "slika_proizvoda": "slike_proizvoda/krumpir_4af8GV7.jpg", "proizvod_dostupan": true, "kreirano": "2024-08-05T20:42:19.888Z", "izmijenjeno": "2024-08-05T20:42:19.888Z"}}, {"model": "opg_ponuda.proizvodi", "pk": 18, "fields": {"opg": 3, "kategorija_proizvoda": 21, "naziv_proizvoda": "Mandarine", "slug": "mandarine-18", "opis_proizvoda": "neretvanske slatke mandarine", "cijena_proizvoda": "1.30", "slika_proizvoda": "slike_proizvoda/mandarine_lcboj6j.jpg", "proizvod_dostupan": true, "kreirano": "2024-08-05T20:42:57.229Z", "izmijenjeno": "2024-08-05T21:26:24.500Z"}}, {"model": "opg_ponuda.proizvodi", "pk": 19, "fields": {"opg": 3, "kategorija_proizvoda": 25, "naziv_proizvoda": "Rakija", "slug": "rakija", "opis_proizvoda": "šljivovica domaća", "cijena_proizvoda": "12.90", "slika_proizvoda": "slike_proizvoda/rakija_61Z7Lmm.jpg", "proizvod_dostupan": true, "kreirano": "2024-08-05T20:43:54.964Z", "izmijenjeno": "2024-08-05T20:43:54.964Z"}}, {"model": "opg_ponuda.proizvodi", "pk": 20, "fields": {"opg": 3, "kategorija_proizvoda": 25, "naziv_proizvoda": "Višnjevac", "slug": "visnjevac", "opis_proizvoda": "domaci liker od višnje", "cijena_proizvoda": "14.29", "slika_proizvoda": "slike_proizvoda/visnjevac_mRYPgLb.png", "proizvod_dostupan": true, "kreirano": "2024-08-05T20:44:27.412Z", "izmijenjeno": "2024-08-05T20:44:27.413Z"}}, {"model": "opg_ponuda.proizvodi", "pk": 21, "fields": {"opg": 3, "kategorija_proizvoda": 26, "naziv_proizvoda": "Rajčice", "slug": "rajcice", "opis_proizvoda": "rajcice", "cijena_proizvoda": "2.00", "slika_proizvoda": "slike_proizvoda/default-profile.jpg", "proizvod_dostupan": true, "kreirano": "2024-08-05T21:16:21.662Z", "izmijenjeno": "2024-08-05T21:16:21.662Z"}}, {"model": "opg_ponuda.proizvodi", "pk": 25, "fields": {"opg": 7, "kategorija_proizvoda": 24, "naziv_proizvoda": "Rajčice", "slug": "rajcice-25", "opis_proizvoda": "raj", "cijena_proizvoda": "2.00", "slika_proizvoda": "slike_proizvoda/default-profile_x4J1G5B.jpg", "proizvod_dostupan": true, "kreirano": "2024-08-05T21:21:34.073Z", "izmijenjeno": "2024-08-05T21:24:07.314Z"}}, {"model": "opg_ponuda.proizvodi", "pk": 26, "fields": {"opg": 8, "kategorija_proizvoda": 27, "naziv_proizvoda": "Banane", "slug": "banane-26", "opis_proizvoda": "banane", "cijena_proizvoda": "2.00", "slika_proizvoda": "slike_proizvoda/banane_HmnbDw1.jpg", "proizvod_dostupan": true, "kreirano": "2024-08-06T19:08:10.364Z", "izmijenjeno": "2024-08-06T19:08:10.368Z"}}, {"model": "e_trznica.kosarica", "pk": 129, "fields": {"korisnik": 47, "proizvod": 25, "kolicina": 2, "kreirano": "2024-08-10T18:17:22.227Z", "izmijenjeno": "2024-08-11T20:32:30.972Z"}}, {"model": "e_trznica.kosarica", "pk": 144, "fields": {"korisnik": 48, "proizvod": 19, "kolicina": 3, "kreirano": "2024-09-08T10:22:56.967Z", "izmijenjeno": "2024-09-11T16:34:44.368Z"}}, {"model": "e_trznica.kosarica", "pk": 146, "fields": {"korisnik": 48, "proizvod": 21, "kolicina": 1, "kreirano": "2024-09-09T20:53:30.889Z", "izmijenjeno": "2024-09-10T20:10:01.860Z"}}, {"model": "e_trznica.kosarica", "pk": 150, "fields": {"korisnik": 48, "proizvod": 26, "kolicina": 1, "kreirano": "2024-09-11T16:13:26.462Z", "izmijenjeno": "2024-09-11T16:13:26.462Z"}}, {"model": "e_trznica.kosarica", "pk": 151, "fields": {"korisnik": 48, "proizvod": 16, "kolicina": 1, "kreirano": "2024-09-11T16:13:37.031Z", "izmijenjeno": "2024-09-11T16:13:37.031Z"}}, {"model": "e_trznica.porez", "pk": 1, "fields": {"vrsta_poreza": "PDV", "postotak_poreza": "25.00", "aktivno": true}}, {"model": "narudzbe.placanje", "pk": 1, "fields": {"korisnik": 48, "id_transakcije": "84C832555C9759252", "nacin_placanja": "PayPal", "iznos": "49.36", "status": "COMPLETED", "kreirano": "2024-09-07T22:41:13.860Z"}}, {"model": "narudzbe.placanje", "pk": 2, "fields": {"korisnik": 48, "id_transakcije": "4V4271345V3798150", "nacin_placanja": "PayPal", "iznos": "49.36", "status": "COMPLETED", "kreirano": "2024-09-08T08:56:21.356Z"}}, {"model": "narudzbe.placanje", "pk": 3, "fields": {"korisnik": 48, "id_transakcije": "7C405289WS566302Y", "nacin_placanja": "PayPal", "iznos": "45.61", "status": "COMPLETED", "kreirano": "2024-09-08T09:48:20.081Z"}}, {"model": "narudzbe.placanje", "pk": 4, "fields": {"korisnik": 48, "id_transakcije": "31622226UP694431A", "nacin_placanja": "PayPal", "iznos": "29.49", "status": "COMPLETED", "kreirano": "2024-09-08T09:51:31.988Z"}}, {"model": "narudzbe.placanje", "pk": 5, "fields": {"korisnik": 48, "id_transakcije": "37628234NY0130137", "nacin_placanja": "PayPal", "iznos": "47.35", "status": "COMPLETED", "kreirano": "2024-09-08T10:03:25.937Z"}}, {"model": "narudzbe.placanje", "pk": 6, "fields": {"korisnik": 48, "id_transakcije": "97W0038228780540U", "nacin_placanja": "PayPal", "iznos": "47.35", "status": "COMPLETED", "kreirano": "2024-09-08T10:05:12.296Z"}}, {"model": "narudzbe.placanje", "pk": 7, "fields": {"korisnik": 48, "id_transakcije": "97U97346M3877284K", "nacin_placanja": "PayPal", "iznos": "47.35", "status": "COMPLETED", "kreirano": "2024-09-08T10:10:38.769Z"}}, {"model": "narudzbe.placanje", "pk": 8, "fields": {"korisnik": 48, "id_transakcije": "96374443PA111463C", "nacin_placanja": "PayPal", "iznos": "47.35", "status": "COMPLETED", "kreirano": "2024-09-08T10:14:25.754Z"}}, {"model": "narudzbe.placanje", "pk": 9, "fields": {"korisnik": 48, "id_transakcije": "7DF72688WX8442457", "nacin_placanja": "PayPal", "iznos": "47.35", "status": "COMPLETED", "kreirano": "2024-09-08T10:15:24.274Z"}}, {"model": "narudzbe.placanje", "pk": 10, "fields": {"korisnik": 48, "id_transakcije": "53517809UH352472C", "nacin_placanja": "PayPal", "iznos": "47.35", "status": "COMPLETED", "kreirano": "2024-09-08T10:17:04.113Z"}}, {"model": "narudzbe.placanje", "pk": 11, "fields": {"korisnik": 48, "id_transakcije": "3LJ44933YY172903L", "nacin_placanja": "PayPal", "iznos": "47.35", "status": "COMPLETED", "kreirano": "2024-09-08T10:22:34.519Z"}}, {"model": "narudzbe.placanje", "pk": 12, "fields": {"korisnik": 48, "id_transakcije": "29K750811N192731A", "nacin_placanja": "PayPal", "iznos": "28.12", "status": "COMPLETED", "kreirano": "2024-09-08T10:39:05.407Z"}}, {"model": "narudzbe.placanje", "pk": 13, "fields": {"korisnik": 48, "id_transakcije": "1WU44976N0251782M", "nacin_placanja": "PayPal", "iznos": "28.12", "status": "COMPLETED", "kreirano": "2024-09-08T10:49:10.292Z"}}, {"model": "narudzbe.placanje", "pk": 14, "fields": {"korisnik": 48, "id_transakcije": "7T8792754X853740E", "nacin_placanja": "PayPal", "iznos": "35.62", "status": "COMPLETED", "kreirano": "2024-09-08T12:30:23.590Z"}}, {"model": "narudzbe.placanje", "pk": 15, "fields": {"korisnik": 48, "id_transakcije": "33T143462M0351735", "nacin_placanja": "PayPal", "iznos": "35.62", "status": "COMPLETED", "kreirano": "2024-09-08T12:31:57.950Z"}}, {"model": "narudzbe.placanje", "pk": 16, "fields": {"korisnik": 48, "id_transakcije": "39600001A81226525", "nacin_placanja": "PayPal", "iznos": "35.62", "status": "COMPLETED", "kreirano": "2024-09-08T12:33:52.297Z"}}, {"model": "narudzbe.placanje", "pk": 17, "fields": {"korisnik": 48, "id_transakcije": "6CS18114RM1379019", "nacin_placanja": "PayPal", "iznos": "40.62", "status": "COMPLETED", "kreirano": "2024-09-08T12:38:00.942Z"}}, {"model": "narudzbe.placanje", "pk": 18, "fields": {"korisnik": 48, "id_transakcije": "72Y94569CR2116212", "nacin_placanja": "PayPal", "iznos": "36.0", "status": "COMPLETED", "kreirano": "2024-09-08T12:48:24.183Z"}}, {"model": "narudzbe.placanje", "pk": 19, "fields": {"korisnik": 48, "id_transakcije": "3NU836084J3707216", "nacin_placanja": "PayPal", "iznos": "36.0", "status": "COMPLETED", "kreirano": "2024-09-08T12:55:31.271Z"}}, {"model": "narudzbe.placanje", "pk": 20, "fields": {"korisnik": 48, "id_transakcije": "0EA34405MP304832Y", "nacin_placanja": "PayPal", "iznos": "31.0", "status": "COMPLETED", "kreirano": "2024-09-08T12:56:09.344Z"}}, {"model": "narudzbe.placanje", "pk": 21, "fields": {"korisnik": 48, "id_transakcije": "4T7219294J641111U", "nacin_placanja": "PayPal", "iznos": "27.25", "status": "COMPLETED", "kreirano": "2024-09-08T12:58:22.830Z"}}, {"model": "narudzbe.placanje", "pk": 22, "fields": {"korisnik": 48, "id_transakcije": "06J09102RR279882R", "nacin_placanja": "PayPal", "iznos": "27.25", "status": "COMPLETED", "kreirano": "2024-09-08T13:01:37.747Z"}}, {"model": "narudzbe.placanje", "pk": 23, "fields": {"korisnik": 48, "id_transakcije": "6JD916047G1482214", "nacin_placanja": "PayPal", "iznos": "27.25", "status": "COMPLETED", "kreirano": "2024-09-09T08:44:31.888Z"}}, {"model": "narudzbe.placanje", "pk": 24, "fields": {"korisnik": 48, "id_transakcije": "2M97738851133953Y", "nacin_placanja": "PayPal", "iznos": "43.38", "status": "COMPLETED", "kreirano": "2024-09-09T20:52:43.340Z"}}, {"model": "narudzbe.placanje", "pk": 25, "fields": {"korisnik": 48, "id_transakcije": "13225888KL411835T", "nacin_placanja": "PayPal", "iznos": "37.62", "status": "COMPLETED", "kreirano": "2024-09-09T20:53:17.246Z"}}, {"model": "narudzbe.placanje", "pk": 26, "fields": {"korisnik": 48, "id_transakcije": "2E770094EF589192L", "nacin_placanja": "PayPal", "iznos": "57.99", "status": "COMPLETED", "kreirano": "2024-09-09T20:53:46.663Z"}}, {"model": "narudzbe.placanje", "pk": 27, "fields": {"korisnik": 48, "id_transakcije": "16522626PP4834846", "nacin_placanja": "PayPal", "iznos": "62.99", "status": "COMPLETED", "kreirano": "2024-09-09T20:54:59.244Z"}}, {"model": "narudzbe.placanje", "pk": 28, "fields": {"korisnik": 48, "id_transakcije": "5KK290543C049983K", "nacin_placanja": "PayPal", "iznos": "62.99", "status": "COMPLETED", "kreirano": "2024-09-09T21:00:06.493Z"}}, {"model": "narudzbe.placanje", "pk": 29, "fields": {"korisnik": 48, "id_transakcije": "7RN519483J998191Y", "nacin_placanja": "PayPal", "iznos": "62.99", "status": "COMPLETED", "kreirano": "2024-09-09T21:02:51.149Z"}}, {"model": "narudzbe.placanje", "pk": 30, "fields": {"korisnik": 48, "id_transakcije": "08916603HD265100R", "nacin_placanja": "PayPal", "iznos": "62.99", "status": "COMPLETED", "kreirano": "2024-09-09T21:04:48.647Z"}}, {"model": "narudzbe.placanje", "pk": 31, "fields": {"korisnik": 48, "id_transakcije": "10P010820B871822V", "nacin_placanja": "PayPal", "iznos": "57.99", "status": "COMPLETED", "kreirano": "2024-09-09T21:05:31.613Z"}}, {"model": "narudzbe.placanje", "pk": 32, "fields": {"korisnik": 48, "id_transakcije": "7AK40167VV5324243", "nacin_placanja": "PayPal", "iznos": "41.0", "status": "COMPLETED", "kreirano": "2024-09-11T06:56:26.315Z"}}, {"model": "narudzbe.placanje", "pk": 33, "fields": {"korisnik": 48, "id_transakcije": "7F534089KX8164746", "nacin_placanja": "PayPal", "iznos": "99.25", "status": "COMPLETED", "kreirano": "2024-09-11T08:01:26.402Z"}}, {"model": "narudzbe.placanje", "pk": 34, "fields": {"korisnik": 48, "id_transakcije": "5UM49235J91273712", "nacin_placanja": "PayPal", "iznos": "67.0", "status": "COMPLETED", "kreirano": "2024-09-11T08:39:47.386Z"}}, {"model": "narudzbe.placanje", "pk": 35, "fields": {"korisnik": 48, "id_transakcije": "03R58635BM610745W", "nacin_placanja": "PayPal", "iznos": "67.0", "status": "COMPLETED", "kreirano": "2024-09-11T15:28:25.049Z"}}, {"model": "narudzbe.placanje", "pk": 36, "fields": {"korisnik": 48, "id_transakcije": "0BD30941X17161125", "nacin_placanja": "PayPal", "iznos": "50.88", "status": "COMPLETED", "kreirano": "2024-09-11T15:53:52.398Z"}}, {"model": "narudzbe.placanje", "pk": 37, "fields": {"korisnik": 48, "id_transakcije": "48479838ES653364N", "nacin_placanja": "PayPal", "iznos": "34.75", "status": "COMPLETED", "kreirano": "2024-09-11T15:55:53.263Z"}}, {"model": "narudzbe.placanje", "pk": 38, "fields": {"korisnik": 48, "id_transakcije": "5K986493XE6950927", "nacin_placanja": "PayPal", "iznos": "41.0", "status": "COMPLETED", "kreirano": "2024-09-11T16:14:05.271Z"}}, {"model": "narudzbe.placanje", "pk": 39, "fields": {"korisnik": 48, "id_transakcije": "2VH62719T9858552A", "nacin_placanja": "PayPal", "iznos": "41.0", "status": "COMPLETED", "kreirano": "2024-09-11T16:15:56.399Z"}}, {"model": "narudzbe.placanje", "pk": 40, "fields": {"korisnik": 48, "id_transakcije": "53T44631AB3801032", "nacin_placanja": "PayPal", "iznos": "57.12", "status": "COMPLETED", "kreirano": "2024-09-11T16:35:06.599Z"}}, {"model": "narudzbe.narudzba", "pk": 97, "fields": {"korisnik": 48, "placanje": 32, "broj_narudzbe": "110924085597", "ime": "Josip", "prezime": "Relić", "broj_telefona": "0992103477", "email": "2josip.relic@gmail.com", "adresa": "U6, Mannheim-Quadrate, Germany", "drzava": "Germany", "zupanija": "Baden-Württemberg", "grad": "Mannheim", "postanski_broj": "68161", "ukupno": 41.0, "porezni_podaci": "{\"PDV\": {\"25.00\": 8.20}}", "ukupni_podaci": "{\"7\": {\"5.00\": \"{'PDV': {'25.00': '1.25'}}\"}, \"3\": {\"27.80\": \"{'PDV': {'25.00': '6.95'}}\"}}", "ukupno_poreza": 8.2, "nacin_placanja": "PayPal", "status": "U tijeku", "naruceno": true, "kreirano": "2024-09-11T06:55:32.223Z", "izmijenjeno": "2024-09-11T06:56:26.327Z", "opgovi": [7, 3]}}, {"model": "narudzbe.narudzba", "pk": 98, "fields": {"korisnik": 48, "placanje": 33, "broj_narudzbe": "110924100198", "ime": "Josip", "prezime": "Relić", "broj_telefona": "0992103477", "email": "2josip.relic@gmail.com", "adresa": "U6, Mannheim-Quadrate, Germany", "drzava": "Germany", "zupanija": "Baden-Württemberg", "grad": "Mannheim", "postanski_broj": "68161", "ukupno": 99.25, "porezni_podaci": "{\"PDV\": {\"25.00\": 19.85}}", "ukupni_podaci": "{\"3\": {\"79.40\": \"{'PDV': {'25.00': '19.85'}}\"}}", "ukupno_poreza": 19.85, "nacin_placanja": "PayPal", "status": "U tijeku", "naruceno": true, "kreirano": "2024-09-11T08:01:10.752Z", "izmijenjeno": "2024-09-11T08:01:26.407Z", "opgovi": [3]}}, {"model": "narudzbe.narudzba", "pk": 99, "fields": {"korisnik": 48, "placanje": 34, "broj_narudzbe": "110924103999", "ime": "Josip", "prezime": "Relić", "broj_telefona": "0992103477", "email": "2josip.relic@gmail.com", "adresa": "U6, Mannheim-Quadrate, Germany", "drzava": "Germany", "zupanija": "Baden-Württemberg", "grad": "Mannheim", "postanski_broj": "68161", "ukupno": 67.0, "porezni_podaci": "{\"PDV\": {\"25.00\": 13.40}}", "ukupni_podaci": "{\"3\": {\"53.60\": \"{'PDV': {'25.00': '13.40'}}\"}}", "ukupno_poreza": 13.4, "nacin_placanja": "PayPal", "status": "U tijeku", "naruceno": true, "kreirano": "2024-09-11T08:39:30.809Z", "izmijenjeno": "2024-09-11T08:39:47.399Z", "opgovi": [3]}}, {"model": "narudzbe.narudzba", "pk": 100, "fields": {"korisnik": 48, "placanje": 35, "broj_narudzbe": "1109241728100", "ime": "Josip", "prezime": "Relić", "broj_telefona": "0992103477", "email": "2josip.relic@gmail.com", "adresa": "U6, Mannheim-Quadrate, Germany", "drzava": "Germany", "zupanija": "Baden-Württemberg", "grad": "Mannheim", "postanski_broj": "68161", "ukupno": 67.0, "porezni_podaci": "{\"PDV\": {\"25.00\": 13.40}}", "ukupni_podaci": "{\"3\": {\"53.60\": \"{'PDV': {'25.00': '13.40'}}\"}}", "ukupno_poreza": 13.4, "nacin_placanja": "PayPal", "status": "U tijeku", "naruceno": true, "kreirano": "2024-09-11T15:28:10.161Z", "izmijenjeno": "2024-09-11T15:28:25.056Z", "opgovi": [3]}}, {"model": "narudzbe.narudzba", "pk": 101, "fields": {"korisnik": 48, "placanje": 36, "broj_narudzbe": "1109241753101", "ime": "Josip", "prezime": "Relić", "broj_telefona": "0992103477", "email": "2josip.relic@gmail.com", "adresa": "U6, Mannheim-Quadrate, Germany", "drzava": "Germany", "zupanija": "Baden-Württemberg", "grad": "Mannheim", "postanski_broj": "68161", "ukupno": 50.88, "porezni_podaci": "{\"PDV\": {\"25.00\": 10.18}}", "ukupni_podaci": "{\"3\": {\"40.70\": \"{'PDV': {'25.00': '10.18'}}\"}}", "ukupno_poreza": 10.18, "nacin_placanja": "PayPal", "status": "U tijeku", "naruceno": true, "kreirano": "2024-09-11T15:53:38.658Z", "izmijenjeno": "2024-09-11T15:53:52.404Z", "opgovi": [3]}}, {"model": "narudzbe.narudzba", "pk": 102, "fields": {"korisnik": 48, "placanje": 37, "broj_narudzbe": "1109241755102", "ime": "Josip", "prezime": "Relić", "broj_telefona": "0992103477", "email": "2josip.relic@gmail.com", "adresa": "U6, Mannheim-Quadrate, Germany", "drzava": "Germany", "zupanija": "Baden-Württemberg", "grad": "Mannheim", "postanski_broj": "68161", "ukupno": 34.75, "porezni_podaci": "{\"PDV\": {\"25.00\": 6.95}}", "ukupni_podaci": "{\"3\": {\"27.80\": \"{'PDV': {'25.00': '6.95'}}\"}}", "ukupno_poreza": 6.95, "nacin_placanja": "PayPal", "status": "U tijeku", "naruceno": true, "kreirano": "2024-09-11T15:55:43.502Z", "izmijenjeno": "2024-09-11T15:55:53.274Z", "opgovi": [3]}}, {"model": "narudzbe.narudzba", "pk": 103, "fields": {"korisnik": 48, "placanje": 38, "broj_narudzbe": "1109241813103", "ime": "Josip", "prezime": "Relić", "broj_telefona": "0992103477", "email": "2josip.relic@gmail.com", "adresa": "U6, Mannheim-Quadrate, Germany", "drzava": "Germany", "zupanija": "Baden-Württemberg", "grad": "Mannheim", "postanski_broj": "68161", "ukupno": 41.0, "porezni_podaci": "{\"PDV\": {\"25.00\": 8.20}}", "ukupni_podaci": "{\"3\": {\"27.80\": \"{'PDV': {'25.00': '6.95'}}\"}, \"8\": {\"2.00\": \"{'PDV': {'25.00': '0.50'}}\"}, \"7\": {\"3.00\": \"{'PDV': {'25.00': '0.75'}}\"}}", "ukupno_poreza": 8.2, "nacin_placanja": "PayPal", "status": "U tijeku", "naruceno": true, "kreirano": "2024-09-11T16:13:43.562Z", "izmijenjeno": "2024-09-11T16:14:05.280Z", "opgovi": [8, 3, 7]}}, {"model": "narudzbe.narudzba", "pk": 104, "fields": {"korisnik": 48, "placanje": 39, "broj_narudzbe": "1109241815104", "ime": "Josip", "prezime": "Relić", "broj_telefona": "0992103477", "email": "2josip.relic@gmail.com", "adresa": "U6, Mannheim-Quadrate, Germany", "drzava": "Germany", "zupanija": "Baden-Württemberg", "grad": "Mannheim", "postanski_broj": "68161", "ukupno": 41.0, "porezni_podaci": "{\"PDV\": {\"25.00\": 8.20}}", "ukupni_podaci": "{\"3\": {\"27.80\": \"{'PDV': {'25.00': '6.95'}}\"}, \"8\": {\"2.00\": \"{'PDV': {'25.00': '0.50'}}\"}, \"7\": {\"3.00\": \"{'PDV': {'25.00': '0.75'}}\"}}", "ukupno_poreza": 8.2, "nacin_placanja": "PayPal", "status": "U tijeku", "naruceno": true, "kreirano": "2024-09-11T16:15:43.746Z", "izmijenjeno": "2024-09-11T16:15:56.409Z", "opgovi": [8, 3, 7]}}, {"model": "narudzbe.narudzba", "pk": 105, "fields": {"korisnik": 48, "placanje": 40, "broj_narudzbe": "1109241834105", "ime": "Josip", "prezime": "Relić", "broj_telefona": "0992103477", "email": "2josip.relic@gmail.com", "adresa": "U6, Mannheim-Quadrate, Germany", "drzava": "Germany", "zupanija": "Baden-Württemberg", "grad": "Mannheim", "postanski_broj": "68161", "ukupno": 57.12, "porezni_podaci": "{\"PDV\": {\"25.00\": 11.42}}", "ukupni_podaci": "{\"3\": {\"40.70\": \"{'PDV': {'25.00': '10.18'}}\"}, \"8\": {\"2.00\": \"{'PDV': {'25.00': '0.50'}}\"}, \"7\": {\"3.00\": \"{'PDV': {'25.00': '0.75'}}\"}}", "ukupno_poreza": 11.42, "nacin_placanja": "PayPal", "status": "U tijeku", "naruceno": true, "kreirano": "2024-09-11T16:34:50.711Z", "izmijenjeno": "2024-09-11T16:35:06.613Z", "opgovi": [8, 3, 7]}}, {"model": "narudzbe.naruceniproizvodi", "pk": 151, "fields": {"narudzba": 97, "placanje": 32, "korisnik": 48, "proizvod": 16, "kolicina": 1, "cijena": 3.0, "iznos": 3.0, "kreirano": "2024-09-11T06:56:26.364Z", "izmijenjeno": "2024-09-11T06:56:26.365Z"}}, {"model": "narudzbe.naruceniproizvodi", "pk": 152, "fields": {"narudzba": 97, "placanje": 32, "korisnik": 48, "proizvod": 19, "kolicina": 2, "cijena": 12.9, "iznos": 25.8, "kreirano": "2024-09-11T06:56:26.380Z", "izmijenjeno": "2024-09-11T06:56:26.380Z"}}, {"model": "narudzbe.naruceniproizvodi", "pk": 153, "fields": {"narudzba": 97, "placanje": 32, "korisnik": 48, "proizvod": 17, "kolicina": 2, "cijena": 1.0, "iznos": 2.0, "kreirano": "2024-09-11T06:56:26.386Z", "izmijenjeno": "2024-09-11T06:56:26.386Z"}}, {"model": "narudzbe.naruceniproizvodi", "pk": 154, "fields": {"narudzba": 97, "placanje": 32, "korisnik": 48, "proizvod": 21, "kolicina": 1, "cijena": 2.0, "iznos": 2.0, "kreirano": "2024-09-11T06:56:26.391Z", "izmijenjeno": "2024-09-11T06:56:26.391Z"}}, {"model": "narudzbe.naruceniproizvodi", "pk": 155, "fields": {"narudzba": 98, "placanje": 33, "korisnik": 48, "proizvod": 21, "kolicina": 1, "cijena": 2.0, "iznos": 2.0, "kreirano": "2024-09-11T08:01:26.422Z", "izmijenjeno": "2024-09-11T08:01:26.422Z"}}, {"model": "narudzbe.naruceniproizvodi", "pk": 156, "fields": {"narudzba": 98, "placanje": 33, "korisnik": 48, "proizvod": 19, "kolicina": 6, "cijena": 12.9, "iznos": 77.4, "kreirano": "2024-09-11T08:01:26.430Z", "izmijenjeno": "2024-09-11T08:01:26.430Z"}}, {"model": "narudzbe.naruceniproizvodi", "pk": 157, "fields": {"narudzba": 99, "placanje": 34, "korisnik": 48, "proizvod": 19, "kolicina": 4, "cijena": 12.9, "iznos": 51.6, "kreirano": "2024-09-11T08:39:47.436Z", "izmijenjeno": "2024-09-11T08:39:47.436Z"}}, {"model": "narudzbe.naruceniproizvodi", "pk": 158, "fields": {"narudzba": 99, "placanje": 34, "korisnik": 48, "proizvod": 21, "kolicina": 1, "cijena": 2.0, "iznos": 2.0, "kreirano": "2024-09-11T08:39:47.451Z", "izmijenjeno": "2024-09-11T08:39:47.451Z"}}, {"model": "narudzbe.naruceniproizvodi", "pk": 159, "fields": {"narudzba": 100, "placanje": 35, "korisnik": 48, "proizvod": 19, "kolicina": 4, "cijena": 12.9, "iznos": 51.6, "kreirano": "2024-09-11T15:28:25.074Z", "izmijenjeno": "2024-09-11T15:28:25.074Z"}}, {"model": "narudzbe.naruceniproizvodi", "pk": 160, "fields": {"narudzba": 100, "placanje": 35, "korisnik": 48, "proizvod": 21, "kolicina": 1, "cijena": 2.0, "iznos": 2.0, "kreirano": "2024-09-11T15:28:25.082Z", "izmijenjeno": "2024-09-11T15:28:25.082Z"}}, {"model": "narudzbe.naruceniproizvodi", "pk": 161, "fields": {"narudzba": 101, "placanje": 36, "korisnik": 48, "proizvod": 19, "kolicina": 3, "cijena": 12.9, "iznos": 38.7, "kreirano": "2024-09-11T15:53:52.423Z", "izmijenjeno": "2024-09-11T15:53:52.423Z"}}, {"model": "narudzbe.naruceniproizvodi", "pk": 162, "fields": {"narudzba": 101, "placanje": 36, "korisnik": 48, "proizvod": 21, "kolicina": 1, "cijena": 2.0, "iznos": 2.0, "kreirano": "2024-09-11T15:53:52.429Z", "izmijenjeno": "2024-09-11T15:53:52.429Z"}}, {"model": "narudzbe.naruceniproizvodi", "pk": 163, "fields": {"narudzba": 102, "placanje": 37, "korisnik": 48, "proizvod": 19, "kolicina": 2, "cijena": 12.9, "iznos": 25.8, "kreirano": "2024-09-11T15:55:53.313Z", "izmijenjeno": "2024-09-11T15:55:53.313Z"}}, {"model": "narudzbe.naruceniproizvodi", "pk": 164, "fields": {"narudzba": 102, "placanje": 37, "korisnik": 48, "proizvod": 21, "kolicina": 1, "cijena": 2.0, "iznos": 2.0, "kreirano": "2024-09-11T15:55:53.336Z", "izmijenjeno": "2024-09-11T15:55:53.336Z"}}, {"model": "narudzbe.naruceniproizvodi", "pk": 165, "fields": {"narudzba": 103, "placanje": 38, "korisnik": 48, "proizvod": 19, "kolicina": 2, "cijena": 12.9, "iznos": 25.8, "kreirano": "2024-09-11T16:14:05.304Z", "izmijenjeno": "2024-09-11T16:14:05.304Z"}}, {"model": "narudzbe.naruceniproizvodi", "pk": 166, "fields": {"narudzba": 103, "placanje": 38, "korisnik": 48, "proizvod": 26, "kolicina": 1, "cijena": 2.0, "iznos": 2.0, "kreirano": "2024-09-11T16:14:05.320Z", "izmijenjeno": "2024-09-11T16:14:05.320Z"}}, {"model": "narudzbe.naruceniproizvodi", "pk": 167, "fields": {"narudzba": 103, "placanje": 38, "korisnik": 48, "proizvod": 16, "kolicina": 1, "cijena": 3.0, "iznos": 3.0, "kreirano": "2024-09-11T16:14:05.331Z", "izmijenjeno": "2024-09-11T16:14:05.331Z"}}, {"model": "narudzbe.naruceniproizvodi", "pk": 168, "fields": {"narudzba": 103, "placanje": 38, "korisnik": 48, "proizvod": 21, "kolicina": 1, "cijena": 2.0, "iznos": 2.0, "kreirano": "2024-09-11T16:14:05.339Z", "izmijenjeno": "2024-09-11T16:14:05.340Z"}}, {"model": "narudzbe.naruceniproizvodi", "pk": 169, "fields": {"narudzba": 104, "placanje": 39, "korisnik": 48, "proizvod": 26, "kolicina": 1, "cijena": 2.0, "iznos": 2.0, "kreirano": "2024-09-11T16:15:56.445Z", "izmijenjeno": "2024-09-11T16:15:56.445Z"}}, {"model": "narudzbe.naruceniproizvodi", "pk": 170, "fields": {"narudzba": 104, "placanje": 39, "korisnik": 48, "proizvod": 16, "kolicina": 1, "cijena": 3.0, "iznos": 3.0, "kreirano": "2024-09-11T16:15:56.465Z", "izmijenjeno": "2024-09-11T16:15:56.465Z"}}, {"model": "narudzbe.naruceniproizvodi", "pk": 171, "fields": {"narudzba": 104, "placanje": 39, "korisnik": 48, "proizvod": 19, "kolicina": 2, "cijena": 12.9, "iznos": 25.8, "kreirano": "2024-09-11T16:15:56.473Z", "izmijenjeno": "2024-09-11T16:15:56.473Z"}}, {"model": "narudzbe.naruceniproizvodi", "pk": 172, "fields": {"narudzba": 104, "placanje": 39, "korisnik": 48, "proizvod": 21, "kolicina": 1, "cijena": 2.0, "iznos": 2.0, "kreirano": "2024-09-11T16:15:56.486Z", "izmijenjeno": "2024-09-11T16:15:56.486Z"}}, {"model": "narudzbe.naruceniproizvodi", "pk": 173, "fields": {"narudzba": 105, "placanje": 40, "korisnik": 48, "proizvod": 26, "kolicina": 1, "cijena": 2.0, "iznos": 2.0, "kreirano": "2024-09-11T16:35:06.648Z", "izmijenjeno": "2024-09-11T16:35:06.648Z"}}, {"model": "narudzbe.naruceniproizvodi", "pk": 174, "fields": {"narudzba": 105, "placanje": 40, "korisnik": 48, "proizvod": 16, "kolicina": 1, "cijena": 3.0, "iznos": 3.0, "kreirano": "2024-09-11T16:35:06.664Z", "izmijenjeno": "2024-09-11T16:35:06.664Z"}}, {"model": "narudzbe.naruceniproizvodi", "pk": 175, "fields": {"narudzba": 105, "placanje": 40, "korisnik": 48, "proizvod": 19, "kolicina": 3, "cijena": 12.9, "iznos": 38.7, "kreirano": "2024-09-11T16:35:06.675Z", "izmijenjeno": "2024-09-11T16:35:06.675Z"}}, {"model": "narudzbe.naruceniproizvodi", "pk": 176, "fields": {"narudzba": 105, "placanje": 40, "korisnik": 48, "proizvod": 21, "kolicina": 1, "cijena": 2.0, "iznos": 2.0, "kreirano": "2024-09-11T16:35:06.684Z", "izmijenjeno": "2024-09-11T16:35:06.684Z"}}]